Workbook

Sheet Dashboard
B2: DASHBOARD ANALISIS HARGA — GEMARTOPUP
B3: Perbandingan modal Indoflaz (Silver/Gold) vs harga kompetitor (Oura Store, Empeshop) & rekomendasi harga jual
B5: Total Produk Aktif | E5: =COUNTA('Analisis Detail'!B2:B351) -> 350
B6: Produk dengan Data Kompetitor | E6: =COUNTIF('Analisis Detail'!N2:N351,"Ada") -> 189
B7: Produk Tanpa Kompetitor (Direct Pricing) | E7: =COUNTIF('Analisis Detail'!N2:N351,"Tidak Ada") -> 161
B8: Rata-rata Margin vs Kompetitor Termurah | E8: =AVERAGEIF('Analisis Detail'!N2:N351,"Ada",'Analisis Detail'!R2:R351) -> 0.021527595
B9: Rata-rata Margin Rekomendasi (semua produk) | E9: =AVERAGE('Analisis Detail'!T2:T351) -> 0.093299295
B12: RINGKASAN PER KATEGORI
B13: Kategori (Sheet Modal) | C13: Jumlah Produk | D13: Ada Kompetitor | E13: Tanpa Kompetitor | F13: Rata2 Margin vs Kompetitor | G13: Rata2 Margin Rekomendasi
B14: UNDAWN INDOFLAZ | C14: =COUNTIF('Analisis Detail'!D2:D351,B14) -> 10 | D14: =COUNTIFS('Analisis Detail'!D2:D351,B14,'Analisis Detail'!N2:N351,"Ada") -> 10 | E14: =COUNTIFS('Analisis Detail'!D2:D351,B14,'Analisis Detail'!N2:N351,"Tidak Ada") -> 0 | F14: =IFERROR(AVERAGEIFS('Analisis Detail'!R2:R351,'Analisis Detail'!D2:D351,B14,'Analisis Detail'!N2:N351,"Ada"),"-") -> 0.089208084 | G14: =AVERAGEIFS('Analisis Detail'!T2:T351,'Analisis Detail'!D2:D351,B14) -> 0.074236844
B15: League of Legend Wild drift IND | C15: =COUNTIF('Analisis Detail'!D2:D351,B15) -> 6 | D15: =COUNTIFS('Analisis Detail'!D2:D351,B15,'Analisis Detail'!N2:N351,"Ada") -> 6 | E15: =COUNTIFS('Analisis Detail'!D2:D351,B15,'Analisis Detail'!N2:N351,"Tidak Ada") -> 0 | F15: =IFERROR(AVERAGEIFS('Analisis Detail'!R2:R351,'Analisis Detail'!D2:D351,B15,'Analisis Detail'!N2:N351,"Ada"),"-") -> 0.029541499 | G15: =AVERAGEIFS('Analisis Detail'!T2:T351,'Analisis Detail'!D2:D351,B15) -> 0.074124468
B16: AOV INDOFLAZ | C16: =COUNTIF('Analisis Detail'!D2:D351,B16) -> 18 | D16: =COUNTIFS('Analisis Detail'!D2:D351,B16,'Analisis Detail'!N2:N351,"Ada") -> 7 | E16: =COUNTIFS('Analisis Detail'!D2:D351,B16,'Analisis Detail'!N2:N351,"Tidak Ada") -> 11 | F16: =IFERROR(AVERAGEIFS('Analisis Detail'!R2:R351,'Analisis Detail'!D2:D351,B16,'Analisis Detail'!N2:N351,"Ada"),"-") -> 0.042005958 | G16: =AVERAGEIFS('Analisis Detail'!T2:T351,'Analisis Detail'!D2:D351,B16) -> 0.094055396
B17: Harry Potter Magic Awakened IND | C17: =COUNTIF('Analisis Detail'!D2:D351,B17) -> 1 | D17: =COUNTIFS('Analisis Detail'!D2:D351,B17,'Analisis Detail'!N2:N351,"Ada") -> 0 | E17: =COUNTIFS('Analisis Detail'!D2:D351,B17,'Analisis Detail'!N2:N351,"Tidak Ada") -> 1 | F17: =IFERROR(AVERAGEIFS('Analisis Detail'!R2:R351,'Analisis Detail'!D2:D351,B17,'Analisis Detail'!N2:N351,"Ada"),"-") -> - | G17: =AVERAGEIFS('Analisis Detail'!T2:T351,'Analisis Detail'!D2:D351,B17) -> 0.10703384
B18: HAGO INDOFLAZ | C18: =COUNTIF('Analisis Detail'!D2:D351,B18) -> 8 | D18: =COUNTIFS('Analisis Detail'!D2:D351,B18,'Analisis Detail'!N2:N351,"Ada") -> 0 | E18: =COUNTIFS('Analisis Detail'!D2:D351,B18,'Analisis Detail'!N2:N351,"Tidak Ada") -> 8 | F18: =IFERROR(AVERAGEIFS('Analisis Detail'!R2:R351,'Analisis Detail'!D2:D351,B18,'Analisis Detail'!N2:N351,"Ada"),"-") -> - | G18: =AVERAGEIFS('Analisis Detail'!T2:T351,'Analisis Detail'!D2:D351,B18) -> 0.10591874
B19: Call Of Duty Mobile INDOFLAZ | C19: =COUNTIF('Analisis Detail'!D2:D351,B19) -> 7 | D19: =COUNTIFS('Analisis Detail'!D2:D351,B19,'Analisis Detail'!N2:N351,"Ada") -> 3 | E19: =COUNTIFS('Analisis Detail'!D2:D351,B19,'Analisis Detail'!N2:N351,"Tidak Ada") -> 4 | F19: =IFERROR(AVERAGEIFS('Analisis Detail'!R2:R351,'Analisis Detail'!D2:D351,B19,'Analisis Detail'!N2:N351,"Ada"),"-") -> 0.0795179 | G19: =AVERAGEIFS('Analisis Detail'!T2:T351,'Analisis Detail'!D2:D351,B19) -> 0.094585408
B20: Honkai Star Rail INDOFLAZ | C20: =COUNTIF('Analisis Detail'!D2:D351,B20) -> 1 | D20: =COUNTIFS('Analisis Detail'!D2:D351,B20,'Analisis Detail'!N2:N351,"Ada") -> 0 | E20: =COUNTIFS('Analisis Detail'!D2:D351,B20,'Analisis Detail'!N2:N351,"Tidak Ada") -> 1 | F20: =IFERROR(AVERAGEIFS('Analisis Detail'!R2:R351,'Analisis Detail'!D2:D351,B20,'Analisis Detail'!N2:N351,"Ada"),"-") -> - | G20: =AVERAGEIFS('Analisis Detail'!T2:T351,'Analisis Detail'!D2:D351,B20) -> 0.10714005
B21: MLBB INDOFLAZ | C21: =COUNTIF('Analisis Detail'!D2:D351,B21) -> 52 | D21: =COUNTIFS('Analisis Detail'!D2:D351,B21,'Analisis Detail'!N2:N351,"Ada") -> 33 | E21: =COUNTIFS('Analisis Detail'!D2:D351,B21,'Analisis Detail'!N2:N351,"Tidak Ada") -> 19 | F21: =IFERROR(AVERAGEIFS('Analisis Detail'!R2:R351,'Analisis Detail'!D2:D351,B21,'Analisis Detail'!N2:N351,"Ada"),"-") -> 0.047957777 | G21: =AVERAGEIFS('Analisis Detail'!T2:T351,'Analisis Detail'!D2:D351,B21) -> 0.086004562
B22: FF INDOFLAZ | C22: =COUNTIF('Analisis Detail'!D2:D351,B22) -> 25 | D22: =COUNTIFS('Analisis Detail'!D2:D351,B22,'Analisis Detail'!N2:N351,"Ada") -> 19 | E22: =COUNTIFS('Analisis Detail'!D2:D351,B22,'Analisis Detail'!N2:N351,"Tidak Ada") -> 6 | F22: =IFERROR(AVERAGEIFS('Analisis Detail'!R2:R351,'Analisis Detail'!D2:D351,B22,'Analisis Detail'!N2:N351,"Ada"),"-") -> 0.11658938 | G22: =AVERAGEIFS('Analisis Detail'!T2:T351,'Analisis Detail'!D2:D351,B22) -> 0.10137139
B23: PUBG INDOFLAZ | C23: =COUNTIF('Analisis Detail'!D2:D351,B23) -> 9 | D23: =COUNTIFS('Analisis Detail'!D2:D351,B23,'Analisis Detail'!N2:N351,"Ada") -> 2 | E23: =COUNTIFS('Analisis Detail'!D2:D351,B23,'Analisis Detail'!N2:N351,"Tidak Ada") -> 7 | F23: =IFERROR(AVERAGEIFS('Analisis Detail'!R2:R351,'Analisis Detail'!D2:D351,B23,'Analisis Detail'!N2:N351,"Ada"),"-") -> 0.017923462 | G23: =AVERAGEIFS('Analisis Detail'!T2:T351,'Analisis Detail'!D2:D351,B23) -> 0.099892499
B24: VALO INDOFLAZZ | C24: =COUNTIF('Analisis Detail'!D2:D351,B24) -> 6 | D24: =COUNTIFS('Analisis Detail'!D2:D351,B24,'Analisis Detail'!N2:N351,"Ada") -> 6 | E24: =COUNTIFS('Analisis Detail'!D2:D351,B24,'Analisis Detail'!N2:N351,"Tidak Ada") -> 0 | F24: =IFERROR(AVERAGEIFS('Analisis Detail'!R2:R351,'Analisis Detail'!D2:D351,B24,'Analisis Detail'!N2:N351,"Ada"),"-") -> 0.021795825 | G24: =AVERAGEIFS('Analisis Detail'!T2:T351,'Analisis Detail'!D2:D351,B24) -> 0.073963913
B25: Point Blank Indoflaz | C25: =COUNTIF('Analisis Detail'!D2:D351,B25) -> 14 | D25: =COUNTIFS('Analisis Detail'!D2:D351,B25,'Analisis Detail'!N2:N351,"Ada") -> 14 | E25: =COUNTIFS('Analisis Detail'!D2:D351,B25,'Analisis Detail'!N2:N351,"Tidak Ada") -> 0 | F25: =IFERROR(AVERAGEIFS('Analisis Detail'!R2:R351,'Analisis Detail'!D2:D351,B25,'Analisis Detail'!N2:N351,"Ada"),"-") -> 0.011500268 | G25: =AVERAGEIFS('Analisis Detail'!T2:T351,'Analisis Detail'!D2:D351,B25) -> 0.073970875
B26: VALO VOUCHER INDOFLAZ | C26: =COUNTIF('Analisis Detail'!D2:D351,B26) -> 6 | D26: =COUNTIFS('Analisis Detail'!D2:D351,B26,'Analisis Detail'!N2:N351,"Ada") -> 0 | E26: =COUNTIFS('Analisis Detail'!D2:D351,B26,'Analisis Detail'!N2:N351,"Tidak Ada") -> 6 | F26: =IFERROR(AVERAGEIFS('Analisis Detail'!R2:R351,'Analisis Detail'!D2:D351,B26,'Analisis Detail'!N2:N351,"Ada"),"-") -> - | G26: =AVERAGEIFS('Analisis Detail'!T2:T351,'Analisis Detail'!D2:D351,B26) -> 0.10694631
B27: Google Play Gift Card INDOFLAZ | C27: =COUNTIF('Analisis Detail'!D2:D351,B27) -> 1 | D27: =COUNTIFS('Analisis Detail'!D2:D351,B27,'Analisis Detail'!N2:N351,"Ada") -> 0 | E27: =COUNTIFS('Analisis Detail'!D2:D351,B27,'Analisis Detail'!N2:N351,"Tidak Ada") -> 1 | F27: =IFERROR(AVERAGEIFS('Analisis Detail'!R2:R351,'Analisis Detail'!D2:D351,B27,'Analisis Detail'!N2:N351,"Ada"),"-") -> - | G27: =AVERAGEIFS('Analisis Detail'!T2:T351,'Analisis Detail'!D2:D351,B27) -> 0.10705244
B28: Google Play Us Region INDOFLAZ | C28: =COUNTIF('Analisis Detail'!D2:D351,B28) -> 4 | D28: =COUNTIFS('Analisis Detail'!D2:D351,B28,'Analisis Detail'!N2:N351,"Ada") -> 0 | E28: =COUNTIFS('Analisis Detail'!D2:D351,B28,'Analisis Detail'!N2:N351,"Tidak Ada") -> 4 | F28: =IFERROR(AVERAGEIFS('Analisis Detail'!R2:R351,'Analisis Detail'!D2:D351,B28,'Analisis Detail'!N2:N351,"Ada"),"-") -> - | G28: =AVERAGEIFS('Analisis Detail'!T2:T351,'Analisis Detail'!D2:D351,B28) -> 0.10714067
B29: iTunes INDOFLAZ | C29: =COUNTIF('Analisis Detail'!D2:D351,B29) -> 7 | D29: =COUNTIFS('Analisis Detail'!D2:D351,B29,'Analisis Detail'!N2:N351,"Ada") -> 0 | E29: =COUNTIFS('Analisis Detail'!D2:D351,B29,'Analisis Detail'!N2:N351,"Tidak Ada") -> 7 | F29: =IFERROR(AVERAGEIFS('Analisis Detail'!R2:R351,'Analisis Detail'!D2:D351,B29,'Analisis Detail'!N2:N351,"Ada"),"-") -> - | G29: =AVERAGEIFS('Analisis Detail'!T2:T351,'Analisis Detail'!D2:D351,B29) -> 0.11211558
B30: Steam Wallet INDOFLAZ | C30: =COUNTIF('Analisis Detail'!D2:D351,B30) -> 8 | D30: =COUNTIFS('Analisis Detail'!D2:D351,B30,'Analisis Detail'!N2:N351,"Ada") -> 7 | E30: =COUNTIFS('Analisis Detail'!D2:D351,B30,'Analisis Detail'!N2:N351,"Tidak Ada") -> 1 | F30: =IFERROR(AVERAGEIFS('Analisis Detail'!R2:R351,'Analisis Detail'!D2:D351,B30,'Analisis Detail'!N2:N351,"Ada"),"-") -> 0.132014 | G30: =AVERAGEIFS('Analisis Detail'!T2:T351,'Analisis Detail'!D2:D351,B30) -> 0.10671266
B31: Spotify Premium Subscription Vo | C31: =COUNTIF('Analisis Detail'!D2:D351,B31) -> 3 | D31: =COUNTIFS('Analisis Detail'!D2:D351,B31,'Analisis Detail'!N2:N351,"Ada") -> 0 | E31: =COUNTIFS('Analisis Detail'!D2:D351,B31,'Analisis Detail'!N2:N351,"Tidak Ada") -> 3 | F31: =IFERROR(AVERAGEIFS('Analisis Detail'!R2:R351,'Analisis Detail'!D2:D351,B31,'Analisis Detail'!N2:N351,"Ada"),"-") -> - | G31: =AVERAGEIFS('Analisis Detail'!T2:T351,'Analisis Detail'!D2:D351,B31) -> 0.10697009
B32: Nintendo Eshop | C32: =COUNTIF('Analisis Detail'!D2:D351,B32) -> 2 | D32: =COUNTIFS('Analisis Detail'!D2:D351,B32,'Analisis Detail'!N2:N351,"Ada") -> 0 | E32: =COUNTIFS('Analisis Detail'!D2:D351,B32,'Analisis Detail'!N2:N351,"Tidak Ada") -> 2 | F32: =IFERROR(AVERAGEIFS('Analisis Detail'!R2:R351,'Analisis Detail'!D2:D351,B32,'Analisis Detail'!N2:N351,"Ada"),"-") -> - | G32: =AVERAGEIFS('Analisis Detail'!T2:T351,'Analisis Detail'!D2:D351,B32) -> 0.10705916
B33: Vidio INDOFLAZ | C33: =COUNTIF('Analisis Detail'!D2:D351,B33) -> 13 | D33: =COUNTIFS('Analisis Detail'!D2:D351,B33,'Analisis Detail'!N2:N351,"Ada") -> 12 | E33: =COUNTIFS('Analisis Detail'!D2:D351,B33,'Analisis Detail'!N2:N351,"Tidak Ada") -> 1 | F33: =IFERROR(AVERAGEIFS('Analisis Detail'!R2:R351,'Analisis Detail'!D2:D351,B33,'Analisis Detail'!N2:N351,"Ada"),"-") -> -0.48766042 | G33: =AVERAGEIFS('Analisis Detail'!T2:T351,'Analisis Detail'!D2:D351,B33) -> 0.10644611
B34: Xbox Indoflaz | C34: =COUNTIF('Analisis Detail'!D2:D351,B34) -> 6 | D34: =COUNTIFS('Analisis Detail'!D2:D351,B34,'Analisis Detail'!N2:N351,"Ada") -> 0 | E34: =COUNTIFS('Analisis Detail'!D2:D351,B34,'Analisis Detail'!N2:N351,"Tidak Ada") -> 6 | F34: =IFERROR(AVERAGEIFS('Analisis Detail'!R2:R351,'Analisis Detail'!D2:D351,B34,'Analisis Detail'!N2:N351,"Ada"),"-") -> - | G34: =AVERAGEIFS('Analisis Detail'!T2:T351,'Analisis Detail'!D2:D351,B34) -> 0.10714385
B35: Hotelmurah INDOLAZ | C35: =COUNTIF('Analisis Detail'!D2:D351,B35) -> 5 | D35: =COUNTIFS('Analisis Detail'!D2:D351,B35,'Analisis Detail'!N2:N351,"Ada") -> 0 | E35: =COUNTIFS('Analisis Detail'!D2:D351,B35,'Analisis Detail'!N2:N351,"Tidak Ada") -> 5 | F35: =IFERROR(AVERAGEIFS('Analisis Detail'!R2:R351,'Analisis Detail'!D2:D351,B35,'Analisis Detail'!N2:N351,"Ada"),"-") -> - | G35: =AVERAGEIFS('Analisis Detail'!T2:T351,'Analisis Detail'!D2:D351,B35) -> 0.10690308
B36: Gontak Whatsapp dan SMS Gateway | C36: =COUNTIF('Analisis Detail'!D2:D351,B36) -> 3 | D36: =COUNTIFS('Analisis Detail'!D2:D351,B36,'Analisis Detail'!N2:N351,"Ada") -> 0 | E36: =COUNTIFS('Analisis Detail'!D2:D351,B36,'Analisis Detail'!N2:N351,"Tidak Ada") -> 3 | F36: =IFERROR(AVERAGEIFS('Analisis Detail'!R2:R351,'Analisis Detail'!D2:D351,B36,'Analisis Detail'!N2:N351,"Ada"),"-") -> - | G36: =AVERAGEIFS('Analisis Detail'!T2:T351,'Analisis Detail'!D2:D351,B36) -> 0.10714286
B37: PLN INDOFLAZ | C37: =COUNTIF('Analisis Detail'!D2:D351,B37) -> 6 | D37: =COUNTIFS('Analisis Detail'!D2:D351,B37,'Analisis Detail'!N2:N351,"Ada") -> 0 | E37: =COUNTIFS('Analisis Detail'!D2:D351,B37,'Analisis Detail'!N2:N351,"Tidak Ada") -> 6 | F37: =IFERROR(AVERAGEIFS('Analisis Detail'!R2:R351,'Analisis Detail'!D2:D351,B37,'Analisis Detail'!N2:N351,"Ada"),"-") -> - | G37: =AVERAGEIFS('Analisis Detail'!T2:T351,'Analisis Detail'!D2:D351,B37) -> 0.1071402
B38: Pulsa Telkomsel INDOFLAZ | C38: =COUNTIF('Analisis Detail'!D2:D351,B38) -> 35 | D38: =COUNTIFS('Analisis Detail'!D2:D351,B38,'Analisis Detail'!N2:N351,"Ada") -> 31 | E38: =COUNTIFS('Analisis Detail'!D2:D351,B38,'Analisis Detail'!N2:N351,"Tidak Ada") -> 4 | F38: =IFERROR(AVERAGEIFS('Analisis Detail'!R2:R351,'Analisis Detail'!D2:D351,B38,'Analisis Detail'!N2:N351,"Ada"),"-") -> 0.036798754 | G38: =AVERAGEIFS('Analisis Detail'!T2:T351,'Analisis Detail'!D2:D351,B38) -> 0.080722586
B39: byU INDOFLAZ | C39: =COUNTIF('Analisis Detail'!D2:D351,B39) -> 20 | D39: =COUNTIFS('Analisis Detail'!D2:D351,B39,'Analisis Detail'!N2:N351,"Ada") -> 0 | E39: =COUNTIFS('Analisis Detail'!D2:D351,B39,'Analisis Detail'!N2:N351,"Tidak Ada") -> 20 | F39: =IFERROR(AVERAGEIFS('Analisis Detail'!R2:R351,'Analisis Detail'!D2:D351,B39,'Analisis Detail'!N2:N351,"Ada"),"-") -> - | G39: =AVERAGEIFS('Analisis Detail'!T2:T351,'Analisis Detail'!D2:D351,B39) -> 0.10733163
B40: Indosat INDOFLAZ | C40: =COUNTIF('Analisis Detail'!D2:D351,B40) -> 19 | D40: =COUNTIFS('Analisis Detail'!D2:D351,B40,'Analisis Detail'!N2:N351,"Ada") -> 16 | E40: =COUNTIFS('Analisis Detail'!D2:D351,B40,'Analisis Detail'!N2:N351,"Tidak Ada") -> 3 | F40: =IFERROR(AVERAGEIFS('Analisis Detail'!R2:R351,'Analisis Detail'!D2:D351,B40,'Analisis Detail'!N2:N351,"Ada"),"-") -> 0.052076812 | G40: =AVERAGEIFS('Analisis Detail'!T2:T351,'Analisis Detail'!D2:D351,B40) -> 0.080040026
B41: Axis INDOFLAZ | C41: =COUNTIF('Analisis Detail'!D2:D351,B41) -> 10 | D41: =COUNTIFS('Analisis Detail'!D2:D351,B41,'Analisis Detail'!N2:N351,"Ada") -> 5 | E41: =COUNTIFS('Analisis Detail'!D2:D351,B41,'Analisis Detail'!N2:N351,"Tidak Ada") -> 5 | F41: =IFERROR(AVERAGEIFS('Analisis Detail'!R2:R351,'Analisis Detail'!D2:D351,B41,'Analisis Detail'!N2:N351,"Ada"),"-") -> 0.095468299 | G41: =AVERAGEIFS('Analisis Detail'!T2:T351,'Analisis Detail'!D2:D351,B41) -> 0.10228547
B42: XL INDOFLAZ | C42: =COUNTIF('Analisis Detail'!D2:D351,B42) -> 11 | D42: =COUNTIFS('Analisis Detail'!D2:D351,B42,'Analisis Detail'!N2:N351,"Ada") -> 4 | E42: =COUNTIFS('Analisis Detail'!D2:D351,B42,'Analisis Detail'!N2:N351,"Tidak Ada") -> 7 | F42: =IFERROR(AVERAGEIFS('Analisis Detail'!R2:R351,'Analisis Detail'!D2:D351,B42,'Analisis Detail'!N2:N351,"Ada"),"-") -> 0.075040208 | G42: =AVERAGEIFS('Analisis Detail'!T2:T351,'Analisis Detail'!D2:D351,B42) -> 0.096660065
B43: TRI INDOFLAZ | C43: =COUNTIF('Analisis Detail'!D2:D351,B43) -> 15 | D43: =COUNTIFS('Analisis Detail'!D2:D351,B43,'Analisis Detail'!N2:N351,"Ada") -> 0 | E43: =COUNTIFS('Analisis Detail'!D2:D351,B43,'Analisis Detail'!N2:N351,"Tidak Ada") -> 15 | F43: =IFERROR(AVERAGEIFS('Analisis Detail'!R2:R351,'Analisis Detail'!D2:D351,B43,'Analisis Detail'!N2:N351,"Ada"),"-") -> - | G43: =AVERAGEIFS('Analisis Detail'!T2:T351,'Analisis Detail'!D2:D351,B43) -> 0.10656715
B44: SMARTFREN INDOFLAZ | C44: =COUNTIF('Analisis Detail'!D2:D351,B44) -> 19 | D44: =COUNTIFS('Analisis Detail'!D2:D351,B44,'Analisis Detail'!N2:N351,"Ada") -> 14 | E44: =COUNTIFS('Analisis Detail'!D2:D351,B44,'Analisis Detail'!N2:N351,"Tidak Ada") -> 5 | F44: =IFERROR(AVERAGEIFS('Analisis Detail'!R2:R351,'Analisis Detail'!D2:D351,B44,'Analisis Detail'!N2:N351,"Ada"),"-") -> 0.036978145 | G44: =AVERAGEIFS('Analisis Detail'!T2:T351,'Analisis Detail'!D2:D351,B44) -> 0.084868587

Sheet UNDAWN INDOFLAZ
A1: PID | B1: KATEGORI | C1: LAYANAN | D1: HARGA | E1: HARGA SILVER | F1: HARGA GOLD | G1: HARGA PRO | H1: STATUS
A2: GU80-S11 | B2: Garena Undawn | C2: RC 80 | D2: Rp. 14.100 | E2: Rp. 13.818 | F2: Rp. 13.684 | G2: Rp. 13.550 | H2: Aktif
A3: GU250-S11 | B3: Garena Undawn | C3: RC 250 | D3: Rp. 42.300 | E3: Rp. 41.049 | F3: Rp. 40.647 | G3: Rp. 40.647 | H3: Aktif
A4: GU450-S11 | B4: Garena Undawn | C4: RC 450 | D4: Rp. 70.500 | E4: Rp. 69.086 | F4: Rp. 68.415 | G4: Rp. 67.744 | H4: Aktif
A5: GU920-S11 | B5: Garena Undawn | C5: RC 920 | D5: Rp. 140.000 | E5: Rp. 137.249 | F5: Rp. 135.917 | G5: Rp. 134.584 | H5: Aktif
A6: GU1850-S11 | B6: Garena Undawn | C6: RC 1850 | D6: Rp. 280.800 | E6: Rp. 275.418 | F6: Rp. 272.744 | G6: Rp. 270.070 | H6: Aktif
A7: GU2800-S11 | B7: Garena Undawn | C7: RC 2800 | D7: Rp. 417.700 | E7: Rp. 413.588 | F7: Rp. 409.572 | G7: Rp. 405.557 | H7: Aktif
A8: GU4750-S11 | B8: Garena Undawn | C8: RC 4750 | D8: Rp. 696.700 | E8: Rp. 689.926 | F8: Rp. 683.228 | G8: Rp. 676.530 | H8: Aktif
A9: GU9600-S11 | B9: Garena Undawn | C9: RC 9600 | D9: Rp. 1.380.800 | E9: Rp. 1.367.368 | F9: Rp. 1.353.962 | G9: Rp. 1.347.259 | H9: Aktif
A10: GU33000-S11 | B10: Garena Undawn | C10: RC 33000 | D10: Rp. 4.605.700 | E10: Rp. 4.560.930 | F10: Rp. 4.516.215 | G10: Rp. 4.493.858 | H10: Aktif
A11: GU66500-S11 | B11: Garena Undawn | C11: RC 66500 | D11: Rp. 9.211.300 | E11: Rp. 9.121.860 | F11: Rp. 9.032.430 | G11: Rp. 8.987.715 | H11: Aktif

Sheet UNDAWN OURA STORE
A1: Membership
A2: Select a variant list
A3: Ace Fund
A4: 143744
A5: Top Up Instant
A6: Top Up Instant
A7: RC 80
A8: 15008
A9: RC 250
A10: 43756
A11: RC 450
A12: 75037
A13: RC 920
A14: 149072
A15: RC 1850
A16: 299143
A17: RC 2800
A18: 449215
A19: RC 4750
A20: 749359
A21: RC 9600
A22: 1499716
A23: RC 33000
A24: 5002388
A25: RC 66500
A26: 10004775

Sheet League of Legend Wild drift IND
A1: PID | B1: KATEGORI | C1: LAYANAN | D1: HARGA | E1: HARGA SILVER | F1: HARGA GOLD | G1: HARGA PRO | H1: STATUS
A2: LOL425-S10 | B2: League of Legends Wild Rift | C2: 425 Cores | D2: Rp. 53.700 | E2: Rp. 53.172 | F2: Rp. 52.656 | G2: Rp. 52.140 | H2: Aktif
A3: LOL1000-S10 | B3: League of Legends Wild Rift | C3: 1000 Cores | D3: Rp. 119.900 | E3: Rp. 118.687 | F3: Rp. 117.535 | G3: Rp. 116.383 | H3: Aktif
A4: LOL1850-S10 | B4: League of Legends Wild Rift | C4: 1850 Cores | D4: Rp. 215.800 | E4: Rp. 213.637 | F4: Rp. 211.563 | G4: Rp. 209.489 | H4: Aktif
A5: LOL3275-S10 | B5: League of Legends Wild Rift | C5: 3275 Cores | D5: Rp. 378.700 | E5: Rp. 375.051 | F5: Rp. 371.410 | G5: Rp. 367.769 | H5: Aktif
A6: LOL4800-S10 | B6: League of Legends Wild Rift | C6: 4800 Cores | D6: Rp. 541.700 | E6: Rp. 536.466 | F6: Rp. 531.257 | G6: Rp. 526.049 | H6: Aktif
A7: LOL10000-S10 | B7: League of Legends Wild Rift | C7: 10000 Cores | D7: Rp. 1.082.400 | E7: Rp. 1.071.980 | F7: Rp. 1.061.573 | G7: Rp. 1.051.165 | H7: Aktif

Sheet AOV INDOFLAZ
A1: PID | B1: KATEGORI | C1: LAYANAN | D1: HARGA | E1: HARGA SILVER | F1: HARGA GOLD | G1: HARGA PRO | H1: STATUS
A2: AOV40-S11 | B2: Arena Of Valor | C2: 40 Vouchers | D2: Rp. 9.600 | E2: Rp. 9.464 | F2: Rp. 9.373 | G2: Rp. 9.282 | H2: Aktif
A3: AOV90-S11 | B3: Arena Of Valor | C3: 90 Vouchers | D3: Rp. 19.200 | E3: Rp. 18.928 | F3: Rp. 18.746 | G3: Rp. 18.564 | H3: Aktif
A4: AOV230-S11 | B4: Arena Of Valor | C4: 230 Vouchers | D4: Rp. 47.800 | E4: Rp. 47.320 | F4: Rp. 46.865 | G4: Rp. 46.410 | H4: Aktif
A5: AOV470-S11 | B5: Arena Of Valor | C5: 470 Vouchers | D5: Rp. 95.600 | E5: Rp. 94.640 | F5: Rp. 93.730 | G5: Rp. 92.820 | H5: Aktif
A6: AOV600-S11 | B6: Arena Of Valor | C6: 600 Vouchers | D6: Rp. 124.300 | E6: Rp. 123.032 | F6: Rp. 121.849 | G6: Rp. 120.666 | H6: Aktif
A7: AOV700-S11 | B7: Arena Of Valor | C7: 700 Vouchers | D7: Rp. 143.400 | E7: Rp. 141.960 | F7: Rp. 140.595 | G7: Rp. 139.230 | H7: Aktif
A8: AOV950-S11 | B8: Arena Of Valor | C8: 950 Vouchers | D8: Rp. 191.100 | E8: Rp. 189.280 | F8: Rp. 187.460 | G8: Rp. 185.640 | H8: Aktif
A9: AOV1030-S11 | B9: Arena Of Valor | C9: 1030 Vouchers | D9: Rp. 210.300 | E9: Rp. 208.208 | F9: Rp. 206.206 | G9: Rp. 204.204 | H9: Aktif
A10: AOV1420-S11 | B10: Arena Of Valor | C10: 1420 Vouchers | D10: Rp. 286.700 | E10: Rp. 283.920 | F10: Rp. 281.190 | G10: Rp. 278.460 | H10: Aktif
A11: AOV1430-S11 | B11: Arena Of Valor | C11: 1430 Vouchers | D11: Rp. 286.700 | E11: Rp. 283.920 | F11: Rp. 281.190 | G11: Rp. 278.460 | H11: Aktif
A12: AOV1440-S11 | B12: Arena Of Valor | C12: 1440 Vouchers | D12: Rp. 296.300 | E12: Rp. 293.384 | F12: Rp. 290.563 | G12: Rp. 287.742 | H12: Aktif
... A19: AOV9420-S11 | B19: Arena Of Valor | C19: 9420 Vouchers | D19: Rp. 1.901.500 | E19: Rp. 1.883.336 | F19: Rp. 1.865.227 | G19: Rp. 1.847.118 | H19: Aktif

Sheet AOV OURA STORE
A1: Top Up Instant
A2: Select a variant list
A3: 40 Vouchers
A4: 9785
A5: 90 Vouchers
A6: 19568
A7: 230 Vouchers
A8: 48920
A9: 470 Vouchers
A10: 97838
A11: 950 Vouchers
A12: 195674
A13: 1430 Vouchers
A14: 293511
A15: 2390 Vouchers
A16: 489185
A17: 4800 Vouchers
A18: 988152
A19: 24050 Vouchers
A20: 4930973
A21: 48200 Vouchers
A22: 9881513

Sheet Harry Potter Magic Awakened IND
A1: PID | B1: KATEGORI | C1: LAYANAN | D1: HARGA | E1: HARGA SILVER | F1: HARGA GOLD | G1: HARGA PRO | H1: STATUS
A2: HP1980-S11 | B2: Harry Potter: Magic Awakened | C2: 1980 + 380 Jewels | D2: Rp. 368.722 | E2: Rp. 365.142 | F2: Rp. 361.562 | G2: Rp. 359.772 | H2: Aktif

Sheet Harry Potter Magic Awakened OUR
A1: Special Item
A2: Select a variant list
A3: Gold Supply Pack
A4: 71249
A5: Monthly Card
A6: 72300
A7: Ruby Key Pack
A8: 141382
A9: Clockturn Key Pack
A10: 211516
A11: Golden Key Pack
A12: 283876
A13: Top Up Instant
A14: Select a variant list
A15: 60 Jawels
A16: 16804
A17: 300 Jawels
A18: 82969
A19: 750 (680+70) Jawels
A20: 166987
A21: 1145 (980+165) Jawels
A22: 261507
A23: 1550 (1280+270) Jawels
A24: 345525
A25: 2360 (1980+380) Jawels
A26: 503059
A27: 4060 (3280+780) Jawels
A28: 839131
A29: 8480 (6480+2000) Jawels
A30: 1679311

Sheet HAGO INDOFLAZ
A1: PID | B1: KATEGORI | C1: LAYANAN | D1: HARGA | E1: HARGA SILVER | F1: HARGA GOLD | G1: HARGA PRO | H1: STATUS
A2: HAGO6-S7 | B2: Hago | C2: 6 Diamonds | D2: Rp. 2.100 | E2: Rp. 2.028 | F2: Rp. 1.989 | G2: Rp. 1.960 | H2: Aktif
A3: HAGO46-S7 | B3: Hago | C3: 46 Diamonds | D3: Rp. 15.600 | E3: Rp. 15.443 | F3: Rp. 15.146 | G3: Rp. 14.924 | H3: Aktif
A4: HAGO91-S7 | B4: Hago | C4: 91 Diamonds | D4: Rp. 31.200 | E4: Rp. 30.885 | F4: Rp. 30.291 | G4: Rp. 29.846 | H4: Aktif
A5: HAGO228-S7 | B5: Hago | C5: 228 Diamonds | D5: Rp. 78.000 | E5: Rp. 77.213 | F5: Rp. 75.728 | G5: Rp. 74.615 | H5: Aktif
A6: HAGO381-S7 | B6: Hago | C6: 381 Diamonds | D6: Rp. 130.000 | E6: Rp. 128.688 | F6: Rp. 126.213 | G6: Rp. 124.357 | H6: Aktif
A7: HAGO915-S7 | B7: Hago | C7: 915 Diamonds | D7: Rp. 311.900 | E7: Rp. 308.849 | F7: Rp. 302.910 | G7: Rp. 298.455 | H7: Aktif
A8: HAGO1680-S7 | B8: Hago | C8: 1680 Diamonds | D8: Rp. 571.700 | E8: Rp. 566.224 | F8: Rp. 555.335 | G8: Rp. 547.169 | H8: Aktif
A9: HAGO3362-S7 | B9: Hago | C9: 3362 Diamonds | D9: Rp. 1.143.400 | E9: Rp. 1.132.447 | F9: Rp. 1.110.669 | G9: Rp. 1.094.336 | H9: Aktif

Sheet Call Of Duty Mobile INDOFLAZ
A1: PID | B1: KATEGORI | C1: LAYANAN | D1: HARGA | E1: HARGA SILVER | F1: HARGA GOLD | G1: HARGA PRO | H1: STATUS
A2: CODM128-S8 | B2: Call Of Duty Mobile | C2: 128 CP | D2: Rp. 18.100 | E2: Rp. 17.899 | F2: Rp. 17.727 | G2: Rp. 17.297 | H2: Aktif
A3: CODM321-S8 | B3: Call Of Duty Mobile | C3: 321 CP | D3: Rp. 47.900 | E3: Rp. 47.346 | F3: Rp. 46.891 | G3: Rp. 45.753 | H3: Aktif
A4: CODM528-S8 | B4: Call Of Duty Mobile | C4: 528 CP | D4: Rp. 95.800 | E4: Rp. 94.822 | F4: Rp. 93.911 | G4: Rp. 91.631 | H4: Aktif
A5: CODM1056-S8 | B5: Call Of Duty Mobile | C5: 1056 CP | D5: Rp. 199.500 | E5: Rp. 197.522 | F5: Rp. 195.623 | G5: Rp. 190.875 | H5: Aktif
A6: CODM1584-S8 | B6: Call Of Duty Mobile | C6: 1584 CP | D6: Rp. 275.700 | E6: Rp. 273.026 | F6: Rp. 270.401 | G6: Rp. 263.838 | H6: Aktif
A7: CODM2059-S8 | B7: Call Of Duty Mobile | C7: 2059 CP | D7: Rp. 281.300 | E7: Rp. 278.608 | F7: Rp. 275.929 | G7: Rp. 269.232 | H7: Aktif
A8: CODM38280-S8 | B8: Call Of Duty Mobile | C8: 38280 CP | D8: Rp. 4.916.800 | E8: Rp. 4.869.878 | F8: Rp. 4.823.053 | G8: Rp. 4.705.988 | H8: Aktif

Sheet Call Of Duty Mobile OURA STORE
A1: Top Up Instant
A2: Select a variant list
A3: 31 CP
A4: 4893
A5: 63 CP
A6: 10006
A7: 128 CP
A8: 20011
A9: 321 CP
A10: 50025
A11: 645 CP
A12: 100049
A13: 800 CP
A14: 117405
A15: 1373 CP
A16: 200096
A17: 2060 CP
A18: 300144
A19: 2750 CP
A20: 371781
A21: 3564 CP
A22: 500240
A23: 5618 CP
A24: 714210
A25: 7656 CP
A26: 1000478
A27: 15312 CP
A28: 2056230
A29: 38280 CP
A30: 5140575
A31: 76560 CP
A32: 10281150

Sheet Honkai  Star Rail INDOFLAZ
A1: PID | B1: KATEGORI | C1: LAYANAN | D1: HARGA | E1: HARGA SILVER | F1: HARGA GOLD | G1: HARGA PRO | H1: STATUS
A2: HSTR32400-S11 | B2: Honkai : Star Rail | C2: 6480 + 1600 Oneiric Shard x 5 | D2: Rp. 5.847.308 | E2: Rp. 5.790.538 | F2: Rp. 5.733.768 | G2: Rp. 5.705.383 | H2: Aktif

Sheet Honkai  Star Rail OURA STORE
A1: Oneiric Shard (Indonesia)
A2: Select a variant list
A3: 60 Oneiric Shard (ID)
A4: 16000
A5: 330 (300+30) Oneiric Shard (ID)
A6: 79000
A7: 1090 (980+110) Oneiric Shard (ID)
A8: 249000
A9: 2240 (1980+260) Oneiric Shard (ID)
A10: 479000
A11: 3880 (3280+600) Oneiric Shard (ID)
A12: 799000
A13: 8080 (6480+1600) Oneiric Shard (ID)
A14: 1599000

Sheet League of Legend Wild drift OUR
A1: Region Indonesia
A2: Select a variant list
A3: 425 Wild Cores
A4: 54259
A5: 1000 Wild Cores
A6: 121113
A7: 1850 Wild Cores
A8: 218003
A9: 3275 Wild Cores
A10: 382716
A11: 4800 Wild Cores
A12: 547428
A13: 10000 Wild Cores
A14: 1093887
A15: Region Malaysia
A16: Select a variant list
A17: 425 Wild Cores
A18: 70384
A19: 1000 Wild Cores
A20: 154545
A21: 1850 Wild Cores
A22: 282649
A23: 3275 Wild Cores
A24: 494915
A25: 4800 Wild Cores
A26: 707180
A27: 10000 Wild Cores
A28: 1414732
A29: Region Philippines
A30: Select a variant list
A31: 425 Cores
A32: 57227
A33: 1000 Cores
A34: 128473
A35: 1850 Cores
A36: 234341
A37: 3275 Cores
A38: 409166
A39: 4800 Cores
A40: 586566
A41: 10000 Cores
A42: 1170270
A43: Region Singapore
A44: Select a variant list
A45: 425 Cores
A46: 92783
A47: 1000 Cores
A48: 200322
A49: 1850 Cores
A50: 361630
A51: 3275 Cores
A52: 630477
A53: 4800 Cores
A54: 912768
A55: 10000 Cores
A56: 1853733

Sheet MLBB INDOFLAZ
A1: PID | B1: KATEGORI | C1: LAYANAN | D1: HARGA | E1: HARGA SILVER | F1: HARGA GOLD | G1: HARGA PRO | H1: STATUS
A2: ML3-S7 | B2: Mobile Legends | C2: 3 Diamonds | D2: Rp. 1.100 | E2: Rp. 1.030 | F2: Rp. 1.020 | G2: Rp. 1.010 | H2: Aktif
A3: ML5-S7 | B3: Mobile Legends | C3: 5 Diamonds | D3: Rp. 1.600 | E3: Rp. 1.478 | F3: Rp. 1.463 | G3: Rp. 1.449 | H3: Aktif
A4: ML10-S7 | B4: Mobile Legends | C4: 10 Diamonds (9 + 1 Bonus) | D4: Rp. 3.100 | E4: Rp. 2.956 | F4: Rp. 2.927 | G4: Rp. 2.898 | H4: Aktif
A5: ML14-S7 | B5: Mobile Legends | C5: 14 Diamonds (13 + 1 Bonus) | D5: Rp. 4.100 | E5: Rp. 3.974 | F5: Rp. 3.936 | G5: Rp. 3.897 | H5: Aktif
A6: ML19-S7 | B6: Mobile Legends | C6: 19 Diamonds (18 + 1 Bonus) | D6: Rp. 5.600 | E6: Rp. 5.418 | F6: Rp. 5.366 | G6: Rp. 5.313 | H6: Aktif
A7: ML36-S7 | B7: Mobile Legends | C7: 36 Diamonds (33 + 3 Bonus) | D7: Rp. 10.200 | E7: Rp. 9.935 | F7: Rp. 9.838 | G7: Rp. 9.742 | H7: Aktif
A8: ML46-S7 | B8: Mobile Legends | C8: 46 Diamonds (42 + 4 Bonus) | D8: Rp. 13.200 | E8: Rp. 12.889 | F8: Rp. 12.764 | G8: Rp. 12.639 | H8: Aktif
A9: ML54-S7 | B9: Mobile Legends | C9: 54 Diamonds (50 + 4 Bonus) | D9: Rp. 15.200 | E9: Rp. 14.902 | F9: Rp. 14.757 | G9: Rp. 14.612 | H9: Aktif
A10: ML71-S7 | B10: Mobile Legends | C10: 71 Diamonds (64 + 7 Bonus) | D10: Rp. 19.600 | E10: Rp. 19.211 | F10: Rp. 19.025 | G10: Rp. 18.838 | H10: Aktif
A11: ML74-S7 | B11: Mobile Legends | C11: 74 Diamonds (67 + 7 Bonus) | D11: Rp. 20.300 | E11: Rp. 19.867 | F11: Rp. 19.674 | G11: Rp. 19.481 | H11: Aktif
A12: ML85-S7 | B12: Mobile Legends | C12: 85 Diamonds (77 + 8 Bonus) | D12: Rp. 23.100 | E12: Rp. 22.659 | F12: Rp. 22.439 | G12: Rp. 22.219 | H12: Aktif
... A53: ML19320-S7 | B53: Mobile Legends | C53: 19320 Diamonds (16012 + 3308 Bonus) | D53: Rp. 4.809.800 | E53: Rp. 4.718.168 | F53: Rp. 4.672.360 | G53: Rp. 4.626.553 | H53: Aktif

Sheet MLBB OURA STORE
A1: Top Up Instant✨
A2: Select a variant list
A3: 5 (5+0) Diamonds
A4: 1530
A5: 10 (9+1) Diamonds
A6: 3111
A7: 12 (11+1) Diamonds
A8: 3567
A9: 14 (13+1) Diamonds
A10: 4148
A11: 15 (15+0) Diamonds
A12: 4588
A13: 17 (16+1) Diamonds
A14: 4779
A15: 18 (17+1) Diamonds
A16: 5185
A17: 19 (17+2) Diamonds
A18: 5606
A19: 20 (18+2) Diamonds
A20: 6221
A21: 22 (20+2) Diamonds
A22: 6677
A23: 28 (25+3) Diamonds
A24: 8153
A25: 30 (28+2) Diamonds
A26: 8751
A27: 33 (30+3) Diamonds
A28: 9559
A29: 36 (33+3) Diamonds
A30: 10367
A31: 44 (40+4) Diamonds
A32: 12228
A33: 45 (42+3) Diamonds
A34: 13390
A35: 46 (42+4) Diamonds
A36: 13477
A37: 50 (46+4) Diamonds
A38: 14337
A39: 54 (49+5) Diamonds
A40: 15339
A41: 56 (51+5) Diamonds
A42: 15795
A43: 59 (53+6) Diamonds
A44: 16305
A45: 60 (55+5) Diamonds
A46: 17624
A47: 64 (58+6) Diamonds
A48: 17834
A49: 67 (62+5) Diamonds
A50: 18942
A51: 71 (64+7) Diamonds
A52: 19871
A53: 74 (67+7) Diamonds
A54: 20732
A55: 78 (70+8) Diamonds
A56: 21911
A57: 80 (73+7) Diamonds
A58: 22595
A59: 85 (77+8) Diamonds
A60: 23439
A61: 88 (80+8) Diamonds
A62: 24879
A63: 89 (81+8) Diamonds
A64: 25056
A65: 92 (84+8) Diamonds
A66: 25916
A67: 98 (89+9) Diamonds
A68: 27864
A69: 100 (91+9) Diamonds
A70: 28078
A71: 110 (100+10) Diamonds
A72: 31098
A73: 113 (102+11) Diamonds
A74: 31591
A75: 116 (105+11) Diamonds
A76: 33031
A77: 129 (117+12) Diamonds
A78: 35667
A79: 148 (134+14) Diamonds
A80: 41463
A81: 170 (154+16) Diamonds
A82: 46876
A83: 176 (160+16) Diamonds
A84: 49758
A85: 184 (167+17) Diamonds
A86: 53097
A87: 222 (200+22) Diamonds
A88: 62193
A89: 240 (217+23) Diamonds
A90: 66201
A91: 241 (218+23) Diamonds
A92: 67870
A93: 277 (250+27) Diamonds
A94: 77741
A95: 284 (257+27) Diamonds
A96: 78429
A97: 296 (256+40) Diamonds
A98: 81478
A99: 305 (276+29) Diamonds
A100: 86036
...

Sheet MLBB EMPESHOP
A1: 592 Diamonds ( 512 + 80 Bonus )
A2: Rp 163.734,-
A3: 10% OFF
A4: 6030 Diamonds ( 5124 + 906 Bonus )
A5: Rp 1.579.837,-
A6: 20% OFF
A7: Weekly Diamond Pass x5
A8: Rp 144.924,-
A9: 20% OFF
A10: Weekly Diamond Pass x3
A11: Rp 86.955,-
A12: 20% OFF
... A70: Rp 5.428.479,-

Sheet FF INDOFLAZ
A1: PID | B1: KATEGORI | C1: LAYANAN | D1: HARGA | E1: HARGA SILVER | F1: HARGA GOLD | G1: HARGA PRO | H1: STATUS
A2: FF5-S9 | B2: Free Fire | C2: 5 Diamond | D2: Rp. 900 | E2: Rp. 822 | F2: Rp. 814 | G2: Rp. 806 | H2: Aktif
A3: FF10-S9 | B3: Free Fire | C3: 10 Diamond | D3: Rp. 1.700 | E3: Rp. 1.638 | F3: Rp. 1.622 | G3: Rp. 1.606 | H3: Aktif
A4: FF20-S9 | B4: Free Fire | C4: 20 Diamond | D4: Rp. 3.300 | E4: Rp. 3.199 | F4: Rp. 3.168 | G4: Rp. 3.137 | H4: Aktif
A5: FF30-S9 | B5: Free Fire | C5: 30 Diamond | D5: Rp. 4.900 | E5: Rp. 4.827 | F5: Rp. 4.780 | G5: Rp. 4.733 | H5: Aktif
A6: FF40-S9 | B6: Free Fire | C6: 40 Diamond | D6: Rp. 6.500 | E6: Rp. 6.355 | F6: Rp. 6.293 | G6: Rp. 6.231 | H6: Aktif
A7: FF50-S9 | B7: Free Fire | C7: 50 Diamond | D7: Rp. 6.700 | E7: Rp. 6.538 | F7: Rp. 6.474 | G7: Rp. 6.411 | H7: Aktif
A8: FF55-S9 | B8: Free Fire | C8: 55 Diamond | D8: Rp. 7.500 | E8: Rp. 7.355 | F8: Rp. 7.283 | G8: Rp. 7.212 | H8: Aktif
A9: FF100-S9 | B9: Free Fire | C9: 100 Diamond | D9: Rp. 13.200 | E9: Rp. 13.050 | F9: Rp. 12.923 | G9: Rp. 12.796 | H9: Aktif
A10: FF140-S9 | B10: Free Fire | C10: 140 Diamond | D10: Rp. 17.300 | E10: Rp. 17.088 | F10: Rp. 16.922 | G10: Rp. 16.756 | H10: Aktif
A11: FFMM-S9 | B11: Free Fire | C11: Membership Mingguan | D11: Rp. 27.100 | E11: Rp. 26.813 | F11: Rp. 26.553 | G11: Rp. 26.293 | H11: Aktif
A12: FF210-S9 | B12: Free Fire | C12: 210 Diamond | D12: Rp. 27.500 | E12: Rp. 27.203 | F12: Rp. 26.939 | G12: Rp. 26.675 | H12: Aktif
... A26: FF73100-S9 | B26: Free Fire | C26: 73100 Diamond | D26: Rp. 9.464.100 | E26: Rp. 9.373.026 | F26: Rp. 9.282.026 | G26: Rp. 9.191.026 | H26: Aktif

Sheet FF OURA STORE
A1: 5 Diamonds
A2: 974
A3: 12 Diamonds
A4: 1948
A5: 15 Diamonds
A6: 2922
A7: 20 Diamonds
A8: 3895
A9: 25 Diamonds
A10: 4869
A11: 30 Diamonds
A12: 5843
A13: 50 Diamonds
A14: 7787
A15: 55 Diamonds
A16: 8761
A17: 70 Diamonds
A18: 9733
A19: 75 Diamonds
A20: 10707
A21: 80 Diamonds
A22: 11681
A23: 90 Diamonds
A24: 13628
A25: 95 Diamonds
A26: 14602
A27: 100 Diamonds
A28: 15575
A29: 120 Diamonds
A30: 17520
A31: 125 Diamonds
A32: 18493
A33: 140 Diamonds
A34: 19465
A35: 145 Diamonds
A36: 20439
A37: 150 Diamonds
A38: 21412
A39: 160 Diamonds
A40: 23360
A41: 170 Diamonds
A42: 25307
A43: 190 Diamonds
A44: 27252
A45: 210 Diamonds
A46: 29198
A47: 230 Diamonds
A48: 33092
A49: 260 Diamonds
A50: 36984
A51: 280 Diamonds
A52: 38929
A53: 300 Diamonds
A54: 42824
A55: 355 Diamonds
A56: 48661
A57: 360 Diamonds
A58: 49635
A59: 375 Diamonds
A60: 52556
A61: 405 Diamonds
A62: 56447
A63: 425 Diamonds
A64: 58394
A65: 455 Diamonds
A66: 64236
A67: 475 Diamonds
A68: 66180
A69: 495 Diamonds
A70: 68125
A71: 500 Diamonds
A72: 69099
A73: 512 Diamonds
A74: 71046
A75: 515 Diamonds
A76: 72020
A77: 520 Diamonds
A78: 72994
A79: 545 Diamonds
A80: 75912
A81: 565 Diamonds
A82: 77858
A83: 600 Diamonds
A84: 84674
A85: 635 Diamonds
A86: 87590
A87: 645 Diamonds
A88: 89537
A89: 655 Diamonds
A90: 91484
A91: 720 Diamonds
A92: 97320
A93: 725 Diamonds
A94: 98294
A95: 740 Diamonds
A96: 101215
A97: 770 Diamonds
A98: 105107
A99: 790 Diamonds
A100: 107053
...

Sheet FF EMPE SHOP
A1: 2000 Diamonds
A2: Rp 282.827,-
A3: 15% OFF
A4: 20 Diamonds
A5: Rp 4.026,-
A6: 55 Diamonds
A7: Rp 9.059,-
A8: 70 Diamonds
A9: Rp 10.999,-
A10: 140 Diamond
A11: Rp 19.910,-
A12: 355 Diamond
... A25: 15% OFF

Sheet PUBG OURA STORE
A1: All Region
A2: Select a variant list
A3: 60 UC
A4: 17286
A5: 325 UC
A6: 86816
A7: 660 UC
A8: 173632
A9: 1800 UC
A10: 434467
A11: 3850 UC
A12: 868933
A13: 8100 UC
A14: 1738057
A15: Region Indo
A16: Region Indo
A17: 60 UC (ID)
A18: 17031
A19: 120 UC (ID)
A20: 34061
A21: 180 UC (ID)
A22: 51091
A23: 240 UC (ID)
A24: 68121
A25: 325 (300+25) UC (ID)
A26: 86213
A27: 385 (360+25) UC (ID)
A28: 103243
A29: 445 (420+25) UC (ID)
A30: 120273
A31: 505 (480+25) UC (ID)
A32: 137303
A33: 565 (540+25) UC (ID)
A34: 154333
A35: 660 (600+60) UC (ID)
A36: 172425
A37: 720 (660+60) UC (ID)
A38: 189455
A39: 780 (720+60) UC (ID)
A40: 206485
A41: 840 (780+60) UC (ID)
A42: 223515
A43: 900 (840+60) UC (ID)
A44: 240545
A45: 985 (900+85) UC (ID)
A46: 258637
A47: 1105 (1020+85) UC (ID)
A48: 292697
A49: 1165 (1080+85) UC (ID)
A50: 309727
A51: 1320 (1200+120) UC (ID)
A52: 344849
A53: 1500 (1380+120) UC (ID)
A54: 395939
A55: 1800 (1500+300) UC (ID)
A56: 431060
A57: 1920 (1620+300) UC (ID)
A58: 465120
A59: 1980 (1680+300) UC (ID)
A60: 482150
A61: 2125 (1800+325) UC (ID)
A62: 517272
A63: 2460 (2100+360) UC (ID)
A64: 603484
A65: 2785 (2400+385) UC (ID)
A66: 689696
A67: 3120 (2700+420) UC (ID)
A68: 775908
A69: 3850 (3000+850) UC (ID)
A70: 862119
A71: 4030 (3180+850) UC (ID)
A72: 913209
A73: 4175 (3300+875) UC (ID)
A74: 948331
A75: 4510 (3600+910) UC (ID)
A76: 1034543
A77: 4835 (3900+935) UC (ID)
A78: 1120755
A79: 5170 (4200+970) UC (ID)
A80: 1206967
A81: 5650 (4500+1150) UC (ID)
A82: 1293178
A83: 5975 (4800+1175) UC (ID)
A84: 1379390
A85: 6310 (5100+1210) UC (ID)
A86: 1465602
A87: 6635 (5400+1235) UC (ID)
A88: 1551814
A89: 6970 (5700+1270) UC (ID)
A90: 1638026
A91: 8100 (6000+2100) UC (ID)
A92: 1724237

Sheet PUBG INDOFLAZ
A1: PID | B1: KATEGORI | C1: LAYANAN | D1: HARGA | E1: HARGA SILVER | F1: HARGA GOLD | G1: HARGA PRO | H1: STATUS
A2: 1343 | B2: Pubg Mobile | C2: 60 UC | D2: Rp. 17.400 | E2: Rp. 17.047 | F2: Rp. 16.726 | G2: Rp. 16.404 | H2: Aktif
A3: 1459 | B3: Pubg Mobile | C3: 120 UC | D3: Rp. 34.800 | E3: Rp. 34.093 | F3: Rp. 33.450 | G3: Rp. 32.807 | H3: Aktif
A4: 1344 | B4: Pubg Mobile | C4: 300 + 25 Bonus UC | D4: Rp. 87.700 | E4: Rp. 86.008 | F4: Rp. 84.385 | G4: Rp. 82.762 | H4: Aktif
A5: 1345 | B5: Pubg Mobile | C5: 600 + 60 Bonus UC | D5: Rp. 175.500 | E5: Rp. 172.209 | F5: Rp. 168.960 | G5: Rp. 165.711 | H5: Aktif
A6: 1125 | B6: Pubg Mobile | C6: 3000 + 850 Bonus UC | D6: Rp. 878.100 | E6: Rp. 861.819 | F6: Rp. 845.558 | G6: Rp. 829.297 | H6: Aktif
A7: 1342 | B7: Pubg Mobile | C7: 6000 + 2100 Bonus UC | D7: Rp. 1.756.400 | E7: Rp. 1.723.831 | F7: Rp. 1.691.306 | G7: Rp. 1.658.781 | H7: Aktif
A8: 1454 | B8: Pubg Mobile | C8: 12000 + 4200 Bonus UC | D8: Rp. 3.512.800 | E8: Rp. 3.447.660 | F8: Rp. 3.382.610 | G8: Rp. 3.317.560 | H8: Aktif
A9: 1455 | B9: Pubg Mobile | C9: 18000 + 6300 Bonus UC | D9: Rp. 5.269.100 | E9: Rp. 5.171.490 | F9: Rp. 5.073.915 | G9: Rp. 4.976.340 | H9: Aktif
A10: 1456 | B10: Pubg Mobile | C10: 24000 + 8400 Bonus UC | D10: Rp. 7.025.500 | E10: Rp. 6.895.320 | F10: Rp. 6.765.219 | G10: Rp. 6.635.119 | H10: Aktif

Sheet PUBG EMPESHOP
A1: 120 UC
A2: Rp 32.457,-
A3: 360 + 25 UC
A4: Rp 105.807,-
A5: 600 + 60 UC
A6: Rp 162.280,-
A7: 1080 + 85 UC
A8: Rp 292.104,-
A9: 10% OFF
A10: 1680 + 300 UC
A11: Rp 454.382,-
A12: 2400 + 385 UC
... A15: Rp 1.309.930,-

Sheet VALO INDOFLAZZ
A1: PID | B1: KATEGORI | C1: LAYANAN | D1: HARGA | E1: HARGA SILVER | F1: HARGA GOLD | G1: HARGA PRO | H1: STATUS
A2: VAL475-S11 | B2: Valorant | C2: 475 Points | D2: Rp. 54.700 | E2: Rp. 53.597 | F2: Rp. 53.076 | G2: Rp. 52.556 | H2: Aktif
A3: VAL1000-S11 | B3: Valorant | C3: 1000 Points | D3: Rp. 109.300 | E3: Rp. 107.193 | F3: Rp. 106.152 | G3: Rp. 105.111 | H3: Aktif
A4: VAL2050-S11 | B4: Valorant | C4: 2050 Points | D4: Rp. 218.600 | E4: Rp. 214.386 | F4: Rp. 212.304 | G4: Rp. 210.223 | H4: Aktif
A5: VAL3650-S11 | B5: Valorant | C5: 3650 Points | D5: Rp. 379.600 | E5: Rp. 372.303 | F5: Rp. 368.689 | G5: Rp. 365.074 | H5: Aktif
A6: VAL5350-S11 | B6: Valorant | C6: 5350 Points | D6: Rp. 545.400 | E6: Rp. 535.006 | F6: Rp. 529.812 | G6: Rp. 524.618 | H6: Aktif
A7: VAL11000-S11 | B7: Valorant | C7: 11000 Points | D7: Rp. 1.072.300 | E7: Rp. 1.051.827 | F7: Rp. 1.041.615 | G7: Rp. 1.031.403 | H7: Aktif

Sheet VALO OURA STORE
A1: Region Indonesia
A2: Select a variant list
A3: 475 Points
A4: 54259
A5: 1000 Points
A6: 108518
A7: 950 Points
A8: 108518
A9: 1475 Points
A10: 162777
A11: 2050 Points
A12: 217034
A13: 2000 Points
A14: 217035
A15: 2525 Points
A16: 271293
A17: 3050 Points
A18: 325552
A19: 3650 Points
A20: 376902
A21: 4125 Points
A22: 431161
A23: 4100 Points
A24: 434068
A25: 4650 Points
A26: 485420
A27: 5350 Points
A28: 541615
A29: 5700 Points
A30: 593936
A31: 5825 Points
A32: 595873
A33: 6350 Points
A34: 650132
A35: 7300 Points
A36: 753804
A37: 7400 Points
A38: 758649
A39: 8400 Points
A40: 867166
A41: 9000 Points
A42: 918516
A43: 8990 Points
A44: 918516
A45: 10000 Points
A46: 1027034
A47: 11000 Points
A48: 1064820
A49: 10700 Points
A50: 1083229
A51: 11475 Points
A52: 1119079
A53: 12000 Points
A54: 1173338
A55: 13050 Points
A56: 1281854
A57: 14650 Points
A58: 1441722
A59: 16700 Points
A60: 1658756
A61: 18400 Points
A62: 1823468
A63: 20000 Points
A64: 1983336
A65: 22000 Points
A66: 2129640
A67: Region Malaysia
A68: Region Malaysia
A69: 475 VP
A70: 77823
A71: 1000 VP
A72: 160166
A73: 2050 VP
A74: 312499
A75: 3650 VP
A76: 545520
A77: 5350 VP
A78: 778137
A79: 11000 VP
A80: 1559988
A81: Region Thailand
A82: Region Thailand
A83: 475 VP
A84: 73549
A85: 1000 VP
A86: 147143
A87: 3650 VP
A88: 520563
A89: 5350 VP
A90: 746840
A91: 11000 VP
A92: 1493679
A93: Region Singapore
A94: Region Singapore
A95: 475 VP
A96: 93805
A97: 1000 VP
A98: 187902
A99: 2050 VP
A100: 362653
...

Sheet Point Blank Indoflaz
A1: PID | B1: KATEGORI | C1: LAYANAN | D1: HARGA | E1: HARGA SILVER | F1: HARGA GOLD | G1: HARGA PRO | H1: STATUS
A2: VCPB1200-S7 | B2: Voucher Point Blank | C2: 1200 PB Cash | D2: Rp. 9.400 | E2: Rp. 9.065 | F2: Rp. 8.976 | G2: Rp. 8.932 | H2: Aktif
A3: VCPB2400-S7 | B3: Voucher Point Blank | C3: 2400 PB Cash | D3: Rp. 18.400 | E3: Rp. 18.130 | F3: Rp. 17.952 | G3: Rp. 17.863 | H3: Aktif
A4: VCPB1200-S11 | B4: Voucher Point Blank | C4: 1200 PB Cash | D4: Rp. 18.600 | E4: Rp. 18.334 | F4: Rp. 18.156 | G4: Rp. 17.978 | H4: Aktif
A5: VCPB2400-S110 | B5: Voucher Point Blank | C5: 2400 PB Cash | D5: Rp. 18.720 | E5: Rp. 18.540 | F5: Rp. 18.360 | G5: Rp. 18.180 | H5: Aktif
A6: VCPB6000-S7 | B6: Voucher Point Blank | C6: 6000 PB Cash | D6: Rp. 45.800 | E6: Rp. 45.325 | F6: Rp. 44.881 | G6: Rp. 44.659 | H6: Aktif
A7: VCPB6000-S11 | B7: Voucher Point Blank | C7: 6000 PB Cash | D7: Rp. 46.280 | E7: Rp. 45.835 | F7: Rp. 45.390 | G7: Rp. 44.945 | H7: Aktif
A8: VCPB12000-S7 | B8: Voucher Point Blank | C8: 12000 PB Cash | D8: Rp. 91.600 | E8: Rp. 90.649 | F8: Rp. 89.760 | G8: Rp. 89.316 | H8: Aktif
A9: VCPB12000-S11 | B9: Voucher Point Blank | C9: 12000 PB Cash | D9: Rp. 92.560 | E9: Rp. 91.670 | F9: Rp. 90.780 | G9: Rp. 89.890 | H9: Aktif
A10: VCPB24000-S7 | B10: Voucher Point Blank | C10: 24000 PB Cash | D10: Rp. 183.100 | E10: Rp. 181.297 | F10: Rp. 179.520 | G10: Rp. 178.631 | H10: Aktif
A11: VCPB24000-S11 | B11: Voucher Point Blank | C11: 24000 PB Cash | D11: Rp. 184.400 | E11: Rp. 182.619 | F11: Rp. 180.846 | G11: Rp. 179.073 | H11: Aktif
A12: VCPB36000-S7 | B12: Voucher Point Blank | C12: 36000 PB Cash | D12: Rp. 274.700 | E12: Rp. 271.947 | F12: Rp. 269.281 | G12: Rp. 267.948 | H12: Aktif
... A15: VCPB60000-S11 | B15: Voucher Point Blank | C15: 60000 PB Cash | D15: Rp. 460.900 | E15: Rp. 456.393 | F15: Rp. 451.962 | G15: Rp. 447.531 | H15: Aktif

Sheet PointBlank OURA STORE
A1: Voucher
A2: Select a variant list
A3: 1200 Cash
A4: 9790
A5: 2400 Cash
A6: 19580
A7: 6000 Cash
A8: 48950
A9: 12000 Cash
A10: 97900
A11: 24000 Cash
A12: 195800
A13: 36000 Cash
A14: 293700
A15: 60000 Cash
A16: 489500

Sheet VALO VOUCHER INDOFLAZ
A1: PID | B1: KATEGORI | C1: LAYANAN | D1: HARGA | E1: HARGA SILVER | F1: HARGA GOLD | G1: HARGA PRO | H1: STATUS
A2: VRC45S11 | B2: Voucher Valorant | C2: Riot Cash 45000 | D2: Rp. 44.041 | E2: Rp. 43.041 | F2: Rp. 42.541 | G2: Rp. 42.166 | H2: Aktif
A3: VRC75S11 | B3: Voucher Valorant | C3: Riot Cash 75000 | D3: Rp. 72.069 | E3: Rp. 71.069 | F3: Rp. 70.569 | G3: Rp. 70.194 | H3: Aktif
A4: VRC149S11 | B4: Voucher Valorant | C4: Riot Cash 149000 | D4: Rp. 141.203 | E4: Rp. 140.203 | F4: Rp. 139.703 | G4: Rp. 139.328 | H4: Aktif
A5: VRC219S11 | B5: Voucher Valorant | C5: Riot Cash 219000 | D5: Rp. 206.601 | E5: Rp. 205.601 | F5: Rp. 205.101 | G5: Rp. 204.726 | H5: Aktif
A6: VRC359S11 | B6: Voucher Valorant | C6: Riot Cash 359000 | D6: Rp. 337.396 | E6: Rp. 336.396 | F6: Rp. 335.896 | G6: Rp. 335.521 | H6: Aktif
A7: VRC739S11 | B7: Voucher Valorant | C7: Riot Cash 739000 | D7: Rp. 692.411 | E7: Rp. 691.411 | F7: Rp. 690.911 | G7: Rp. 690.536 | H7: Aktif

Sheet Google Play Gift Card INDOFLAZ
A1: PID | B1: KATEGORI | C1: LAYANAN | D1: HARGA | E1: HARGA SILVER | F1: HARGA GOLD | G1: HARGA PRO | H1: STATUS
A2: VGP100000-S11 | B2: Google Play Gift Card | C2: 100.000 IDR | D2: Rp. 99.210 | E2: Rp. 98.960 | F2: Rp. 98.760 | G2: Rp. 98.560 | H2: Aktif

Sheet Google Play Us Region INDOFLAZ
A1: PID | B1: KATEGORI | C1: LAYANAN | D1: HARGA | E1: HARGA SILVER | F1: HARGA GOLD | G1: HARGA PRO | H1: STATUS
A2: GPCUS10-S9 | B2: Google Play Us Region | C2: 10$ USA REGION | D2: Rp. 174.875 | E2: Rp. 174.625 | F2: Rp. 174.425 | G2: Rp. 174.225 | H2: Aktif
A3: GPCUS15-S9 | B3: Google Play Us Region | C3: 15$ USA REGION | D3: Rp. 240.750 | E3: Rp. 240.500 | F3: Rp. 240.300 | G3: Rp. 240.100 | H3: Aktif
A4: GPCUS25-S9 | B4: Google Play Us Region | C4: 25$ USA REGION | D4: Rp. 415.750 | E4: Rp. 415.500 | F4: Rp. 415.300 | G4: Rp. 415.100 | H4: Aktif
A5: GPCUS1000-S9 | B5: Google Play Us Region | C5: 100$ USA REGION | D5: Rp. 1.350.750 | E5: Rp. 1.350.500 | F5: Rp. 1.350.300 | G5: Rp. 1.350.100 | H5: Aktif

Sheet Google Play Gift Card OURA STOR
A1: Voucher
A2: Select a variant list
A3: 16.000 IDR
A4: 16437
A5: 35.000 IDR
A6: 35956
A7: 49.000 IDR
A8: 50339
A9: 65.000 IDR
A10: 66775
A11: 79.000 IDR
A12: 81157
A13: 150.000 IDR
A14: 154095
A15: 159.000 IDR
A16: 163342
A17: 249.000 IDR
A18: 255798
A19: 300.000 IDR
A20: 308190
A21: 329.000 IDR
A22: 337982
A23: 399.000 IDR
A24: 409893
A25: 500.000 IDR
A26: 513651
A27: 649.000 IDR
A28: 666718
A29: 799.000 IDR
A30: 820813
A31: 1.000.000 IDR
A32: 1027301
A33: 1.599.000 IDR
A34: 1642653

Sheet iTunes INDOFLAZ
A1: PID | B1: KATEGORI | C1: LAYANAN | D1: HARGA | E1: HARGA SILVER | F1: HARGA GOLD | G1: HARGA PRO | H1: STATUS
A2: FF5YAHAHA | B2: Itunes Us Region | C2: 5 Diamond | D2: Rp. 1.050 | E2: Rp. 1.040 | F2: Rp. 1.030 | G2: Rp. 1.020 | H2: Aktif
A3: VIT5-S9 | B3: Itunes Us Region | C3: US Region $5 | D3: Rp. 87.043 | E3: Rp. 86.793 | F3: Rp. 86.593 | G3: Rp. 86.393 | H3: Aktif
A4: VIT10-S9 | B4: Itunes Us Region | C4: US Region 10$ | D4: Rp. 173.311 | E4: Rp. 173.061 | F4: Rp. 172.861 | G4: Rp. 172.661 | H4: Aktif
A5: VIT15-S9 | B5: Itunes Us Region | C5: US Region $15 | D5: Rp. 210.775 | E5: Rp. 210.525 | F5: Rp. 210.325 | G5: Rp. 210.125 | H5: Aktif
A6: VIT25-S9 | B6: Itunes Us Region | C6: US Region $25 | D6: Rp. 383.550 | E6: Rp. 383.300 | F6: Rp. 383.100 | G6: Rp. 382.900 | H6: Aktif
A7: VIT50-S9 | B7: Itunes Us Region | C7: US Region $50 | D7: Rp. 780.750 | E7: Rp. 780.500 | F7: Rp. 780.300 | G7: Rp. 780.100 | H7: Aktif
A8: VIT100-S9 | B8: Itunes Us Region | C8: US Region $100 | D8: Rp. 1.718.215 | E8: Rp. 1.717.965 | F8: Rp. 1.717.765 | G8: Rp. 1.717.565 | H8: Aktif

Sheet Steam Wallet  INDOFLAZ
A1: PID | B1: KATEGORI | C1: LAYANAN | D1: HARGA | E1: HARGA SILVER | F1: HARGA GOLD | G1: HARGA PRO | H1: STATUS
A2: STEAM12-S11 | B2: Steam Wallet (IDR) | C2: IDR 12.000 STEAM | D2: Rp. 11.900 | E2: Rp. 11.800 | F2: Rp. 11.700 | G2: Rp. 11.600 | H2: Aktif
A3: STEAM45-S11 | B3: Steam Wallet (IDR) | C3: IDR 45.000 STEAM | D3: Rp. 46.000 | E3: Rp. 45.593 | F3: Rp. 45.343 | G3: Rp. 44.943 | H3: Aktif
A4: STEAM60-S11 | B4: Steam Wallet (IDR) | C4: IDR 60.000 STEAM | D4: Rp. 59.300 | E4: Rp. 58.966 | F4: Rp. 58.766 | G4: Rp. 58.566 | H4: Aktif
A5: STEAM90-S11 | B5: Steam Wallet (IDR) | C5: IDR 90.000 STEAM | D5: Rp. 89.700 | E5: Rp. 89.437 | F5: Rp. 89.237 | G5: Rp. 89.037 | H5: Aktif
A6: STEAM120-S11 | B6: Steam Wallet (IDR) | C6: IDR 120.000 STEAM | D6: Rp. 121.100 | E6: Rp. 120.582 | F6: Rp. 120.082 | G6: Rp. 119.682 | H6: Aktif
A7: STEAM250-S11 | B7: Steam Wallet (IDR) | C7: IDR 250.000 STEAM | D7: Rp. 250.100 | E7: Rp. 249.019 | F7: Rp. 248.019 | G7: Rp. 247.519 | H7: Aktif
A8: STEAM400-S11 | B8: Steam Wallet (IDR) | C8: IDR 400.000 STEAM | D8: Rp. 400.100 | E8: Rp. 398.045 | F8: Rp. 396.045 | G8: Rp. 395.545 | H8: Aktif
A9: STEAM600-S11 | B9: Steam Wallet (IDR) | C9: IDR 600.000 STEAM | D9: Rp. 599.700 | E9: Rp. 594.659 | F9: Rp. 589.659 | G9: Rp. 586.659 | H9: Aktif

Sheet Steam Wallet OURA STORE
A1: Voucher Indonesia (IDR)
A2: Select a variant list
A3: 12.000 IDR
A4: 13753
A5: 60.000 IDR
A6: 68763
A7: 90.000 IDR
A8: 98037
A9: 120.000 IDR
A10: 137524
A11: 250.000 IDR
A12: 286508
A13: 400.000 IDR
A14: 458412
A15: 600.000 IDR
A16: 687616

Sheet Spotify Premium Subscription Vo
A1: PID | B1: KATEGORI | C1: LAYANAN | D1: HARGA | E1: HARGA SILVER | F1: HARGA GOLD | G1: HARGA PRO | H1: STATUS
A2: SPSV1-S9 | B2: Spotify | C2: Spotify Premium Subscription Voucher - 1 Bulan | D2: Rp. 56.820 | E2: Rp. 56.570 | F2: Rp. 56.370 | G2: Rp. 56.170 | H2: Aktif
A3: SPSV3-S9 | B3: Spotify | C3: Spotify Premium Subscription Voucher - 3 Bulan | D3: Rp. 166.075 | E3: Rp. 165.825 | F3: Rp. 165.625 | G3: Rp. 165.425 | H3: Aktif
A4: SPSV6-S9 | B4: Spotify | C4: Spotify Premium Subscription Voucher - 6 Bulan | D4: Rp. 303.675 | E4: Rp. 303.425 | F4: Rp. 303.225 | G4: Rp. 303.025 | H4: Aktif

Sheet Nintendo Eshop
A1: PID | B1: KATEGORI | C1: LAYANAN | D1: HARGA | E1: HARGA SILVER | F1: HARGA GOLD | G1: HARGA PRO | H1: STATUS
A2: VNTD10-S11 | B2: Nintendo Eshop | C2: Nintendo $10 | D2: Rp. 137.342 | E2: Rp. 137.092 | F2: Rp. 136.892 | G2: Rp. 136.692 | H2: Aktif
A3: VNTD50-S11 | B3: Nintendo Eshop | C3: Nintendo $50 | D3: Rp. 675.582 | E3: Rp. 675.332 | F3: Rp. 675.132 | G3: Rp. 674.932 | H3: Aktif

Sheet Vidio INDOFLAZ
A1: PID | B1: KATEGORI | C1: LAYANAN | D1: HARGA | E1: HARGA SILVER | F1: HARGA GOLD | G1: HARGA PRO | H1: STATUS
A2: VIDEPLBASIC30-S11 | B2: Vidio | C2: EPL Basic 30D | D2: Rp. 24.850 | E2: Rp. 24.600 | F2: Rp. 24.400 | G2: Rp. 24.200 | H2: Aktif
A3: VIDPDU17P-S11 | B3: Vidio | C3: FIFA U-17 World Cup Indonesia 2023 | D3: Rp. 38.050 | E3: Rp. 37.800 | F3: Rp. 37.600 | G3: Rp. 37.400 | H3: Aktif
A4: VIDPLATINUM30D-S11 | B4: Vidio | C4: Platinum 30 Hari | D4: Rp. 45.000 | E4: Rp. 44.700 | F4: Rp. 44.500 | G4: Rp. 44.300 | H4: Aktif
A5: VIDDIAMONDMOBILE30D-S11 | B5: Vidio | C5: Diamond Mobile 30 Hari | D5: Rp. 47.550 | E5: Rp. 47.300 | F5: Rp. 47.100 | G5: Rp. 46.900 | H5: Aktif
A6: VIDDIAMONDMOBILE30D-S110 | B6: Vidio | C6: Diamond Mobile 30 Hari | D6: Rp. 48.885 | E6: Rp. 48.635 | F6: Rp. 48.435 | G6: Rp. 48.235 | H6: Aktif
A7: VIDDIAMONDALLSCREEN30D-S11 | B7: Vidio | C7: Diamond All Screen 30 Hari | D7: Rp. 95.350 | E7: Rp. 95.100 | F7: Rp. 94.900 | G7: Rp. 94.700 | H7: Aktif
A8: VIDDIAMONDALLSCREEN30D-S110 | B8: Vidio | C8: Diamond All Screen 30 Hari | D8: Rp. 96.398 | E8: Rp. 96.148 | F8: Rp. 95.948 | G8: Rp. 95.748 | H8: Aktif
A9: VIDPLATINUM1YR-S11 | B9: Vidio | C9: Platinum 1 Tahun | D9: Rp. 259.150 | E9: Rp. 258.900 | F9: Rp. 258.700 | G9: Rp. 258.500 | H9: Aktif
A10: VIDPLATINUM1YR-S110 | B10: Vidio | C10: Platinum 1 Tahun | D10: Rp. 262.245 | E10: Rp. 261.995 | F10: Rp. 261.795 | G10: Rp. 261.595 | H10: Aktif
A11: VIDDIAMONDMOBILE1YR-S11 | B11: Vidio | C11: Diamond Mobile 1 Tahun | D11: Rp. 413.450 | E11: Rp. 413.200 | F11: Rp. 413.000 | G11: Rp. 412.800 | H11: Aktif
A12: VIDDIAMONDMOBILE1YR-S110 | B12: Vidio | C12: Diamond Mobile 1 Tahun | D12: Rp. 418.440 | E12: Rp. 418.190 | F12: Rp. 417.990 | G12: Rp. 417.790 | H12: Aktif
... A14: VIDDIAMONDALLSCREEN1YR-S110 | B14: Vidio | C14: Diamond All Screen 1 Tahun | D14: Rp. 721.275 | E14: Rp. 721.025 | F14: Rp. 720.825 | G14: Rp. 720.625 | H14: Aktif

Sheet Vidio OURA STORE
A1: Voucher
A2: Select a variant list
A3: Diamond All Screen 30 Hari
A4: 142212
A5: Diamond Mobile 1 Tahun
A6: 443819
A8: Top Up Instant
A9: Select a variant list
A10: Platinum 30 Days
A11: 41475
A12: Platinum Extra 30 Days
A13: 60327
A14: Ultimate Mobile 30 Days
A15: 91328
A16: Platinum 3 Months
A17: 98870
A18: Platinum Extra 3 Months
A19: 142438
A20: Ultimate All Screen 30 Days
A21: 162548
A22: Ultimate Mobile 3 Months
A23: 222037
A24: Platinum 1 Year
A25: 300796
A26: Ultimate All Screen 3 Months
A27: 389610
A28: Platinum Extra 1 Year
A29: 435693
A30: Ultimate Mobile 1 Year
A31: 719730
A32: Ultimate All Screen 1 Year
A33: 1268534

Sheet Xbox Indoflaz
A1: PID | B1: KATEGORI | C1: LAYANAN | D1: HARGA | E1: HARGA SILVER | F1: HARGA GOLD | G1: HARGA PRO | H1: STATUS
A2: XBOXGPU1-S11 | B2: Xbox | C2: Xbox Game Pass Ultimate 1 Month | D2: Rp. 212.950 | E2: Rp. 212.700 | F2: Rp. 212.500 | G2: Rp. 212.300 | H2: Aktif
A3: XBOXUSDM3-S11 | B3: Xbox | C3: Xbox Membership 3 Months | D3: Rp. 354.450 | E3: Rp. 354.200 | F3: Rp. 354.000 | G3: Rp. 353.800 | H3: Aktif
A4: XBOXEAPM12-S11 | B4: Xbox | C4: EA Play Membership 12 Months | D4: Rp. 383.950 | E4: Rp. 383.700 | F4: Rp. 383.500 | G4: Rp. 383.300 | H4: Aktif
A5: XBOXGPU3-S11 | B5: Xbox | C5: Xbox Game Pass Ultimate 3 Months | D5: Rp. 637.350 | E5: Rp. 637.100 | F5: Rp. 636.900 | G5: Rp. 636.700 | H5: Aktif
A6: XBOXUSDM12-S11 | B6: Xbox | C6: Xbox Membership 12 Months | D6: Rp. 849.450 | E6: Rp. 849.200 | F6: Rp. 849.000 | G6: Rp. 848.800 | H6: Aktif
A7: XBOXUSDGP1-S11 | B7: Xbox | C7: Xbox Game Pass 6 Months | D7: Rp. 849.450 | E7: Rp. 849.200 | F7: Rp. 849.000 | G7: Rp. 848.800 | H7: Aktif

Sheet Hotelmurah INDOLAZ
A1: PID | B1: KATEGORI | C1: LAYANAN | D1: HARGA | E1: HARGA SILVER | F1: HARGA GOLD | G1: HARGA PRO | H1: STATUS
A2: HTL40-S9 | B2: Hotelmurah | C2: voucher Hotel Hotelmurah 50.000 | D2: Rp. 42.000 | E2: Rp. 41.600 | F2: Rp. 41.200 | G2: Rp. 40.800 | H2: Aktif
A3: HTL100-S9 | B3: Hotelmurah | C3: Voucher Hotel Hotelmurah 100.000 | D3: Rp. 94.500 | E3: Rp. 93.600 | F3: Rp. 92.700 | G3: Rp. 91.800 | H3: Aktif
A4: HTL200-S9 | B4: Hotelmurah | C4: Voucher Hotel Hotelmurah 200.000 | D4: Rp. 198.500 | E4: Rp. 196.560 | F4: Rp. 194.670 | G4: Rp. 192.780 | H4: Aktif
A5: HTL500-S9 | B5: Hotelmurah | C5: Voucher Hotel Hotelmurah 500.000 | D5: Rp. 509.300 | E5: Rp. 504.400 | F5: Rp. 499.550 | G5: Rp. 494.700 | H5: Aktif
A6: HTL1000-S9 | B6: Hotelmurah | C6: Voucher Hotel Hotelmurah 1.000.000 | D6: Rp. 1.029.000 | E6: Rp. 1.019.200 | F6: Rp. 1.009.400 | G6: Rp. 999.600 | H6: Aktif

Sheet Gontak Whatsapp dan SMS Gateway
A1: PID | B1: KATEGORI | C1: LAYANAN | D1: HARGA | E1: HARGA SILVER | F1: HARGA GOLD | G1: HARGA PRO | H1: STATUS
A2: GNTKPRO | B2: Gontak Whatsapp dan SMS Gateway | C2: Paket Professional | D2: Rp. 25.000 | E2: Rp. 25.000 | F2: Rp. 25.000 | G2: Rp. 25.000 | H2: Aktif
A3: GNTKENTR | B3: Gontak Whatsapp dan SMS Gateway | C3: Paket Enterprise | D3: Rp. 50.000 | E3: Rp. 50.000 | F3: Rp. 50.000 | G3: Rp. 50.000 | H3: Aktif
A4: GNTKBOGO | B4: Gontak Whatsapp dan SMS Gateway | C4: Paket VIP BOGO | D4: Rp. 80.000 | E4: Rp. 80.000 | F4: Rp. 80.000 | G4: Rp. 80.000 | H4: Aktif

Sheet PLN INDOFLAZ
A1: PID | B1: KATEGORI | C1: LAYANAN | D1: HARGA | E1: HARGA SILVER | F1: HARGA GOLD | G1: HARGA PRO | H1: STATUS
A2: PLN20 | B2: PLN | C2: PLN 20.000 | D2: Rp. 22.100 | E2: Rp. 21.935 | F2: Rp. 21.785 | G2: Rp. 21.685 | H2: Aktif
A3: PLN50 | B3: PLN | C3: PLN 50.000 | D3: Rp. 52.200 | E3: Rp. 52.003 | F3: Rp. 51.853 | G3: Rp. 51.753 | H3: Aktif
A4: PLN100 | B4: PLN | C4: PLN 100.000 | D4: Rp. 102.200 | E4: Rp. 101.975 | F4: Rp. 101.825 | G4: Rp. 101.725 | H4: Aktif
A5: PLN200 | B5: PLN | C5: PLN 200.000 | D5: Rp. 202.200 | E5: Rp. 202.030 | F5: Rp. 201.880 | G5: Rp. 201.780 | H5: Aktif
A6: PLN500 | B6: PLN | C6: PLN 500.000 | D6: Rp. 502.200 | E6: Rp. 501.975 | F6: Rp. 501.825 | G6: Rp. 501.725 | H6: Aktif
A7: PLN1000 | B7: PLN | C7: PLN 1.000.000 | D7: Rp. 1.002.300 | E7: Rp. 1.002.100 | F7: Rp. 1.001.950 | G7: Rp. 1.001.850 | H7: Aktif

Sheet Pulsa Telkomsel INDOFLAZ
A1: PID | B1: KATEGORI | C1: LAYANAN | D1: HARGA | E1: HARGA SILVER | F1: HARGA GOLD | G1: HARGA PRO | H1: STATUS
A2: TSL10 | B2: Telkomsel | C2: Telkomsel 10.000 | D2: Rp. 10.522 | E2: Rp. 10.420 | F2: Rp. 10.318 | G2: Rp. 10.267 | H2: Aktif
A3: TSL10-S9 | B3: Telkomsel | C3: Telkomsel 10.000 | D3: Rp. 10.965 | E3: Rp. 10.715 | F3: Rp. 10.515 | G3: Rp. 10.315 | H3: Aktif
A4: TSL15 | B4: Telkomsel | C4: Telkomsel 15.000 | D4: Rp. 15.327 | E4: Rp. 15.178 | F4: Rp. 15.029 | G4: Rp. 14.955 | H4: Aktif
A5: TSL15-S9 | B5: Telkomsel | C5: Telkomsel 15.000 | D5: Rp. 15.630 | E5: Rp. 15.380 | F5: Rp. 15.180 | G5: Rp. 14.980 | H5: Aktif
A6: TSL20 | B6: Telkomsel | C6: Telkomsel 20.000 | D6: Rp. 20.286 | E6: Rp. 20.089 | F6: Rp. 19.892 | G6: Rp. 19.794 | H6: Aktif
A7: TSL20-S9 | B7: Telkomsel | C7: Telkomsel 20.000 | D7: Rp. 20.445 | E7: Rp. 20.195 | F7: Rp. 19.995 | G7: Rp. 19.795 | H7: Aktif
A8: TSL25 | B8: Telkomsel | C8: Telkomsel 25.000 | D8: Rp. 25.663 | E8: Rp. 25.414 | F8: Rp. 25.165 | G8: Rp. 25.040 | H8: Aktif
A9: TSL25-S9 | B9: Telkomsel | C9: Telkomsel 25.000 | D9: Rp. 25.665 | E9: Rp. 25.415 | F9: Rp. 25.215 | G9: Rp. 25.015 | H9: Aktif
A10: TSL30-S9 | B10: Telkomsel | C10: Telkomsel 30.000 | D10: Rp. 30.175 | E10: Rp. 29.925 | F10: Rp. 29.725 | G10: Rp. 29.525 | H10: Aktif
A11: TSL30 | B11: Telkomsel | C11: Telkomsel 30.000 | D11: Rp. 30.308 | E11: Rp. 30.014 | F11: Rp. 29.720 | G11: Rp. 29.573 | H11: Aktif
A12: TSL40-S9 | B12: Telkomsel | C12: Telkomsel 40.000 | D12: Rp. 40.475 | E12: Rp. 40.225 | F12: Rp. 40.025 | G12: Rp. 39.825 | H12: Aktif
... A36: TSL1000 | B36: Telkomsel | C36: Telkomsel 1.000.000 | D36: Rp. 1.025.391 | E36: Rp. 1.015.436 | F36: Rp. 1.005.481 | G36: Rp. 1.000.503 | H36: Aktif

Sheet Pulsa Telkomsel OURA STORE
A1: Pulsa Reguler
A2: Select a variant list
A3: Pulsa 10.000
A4: 12297
A5: Pulsa 20.000
A6: 21999
A7: Pulsa 25.000
A8: 26986
A9: Pulsa 30.000
A10: 31762
A11: Pulsa 35.000
A12: 36975
A13: Pulsa 40.000
A14: 41494
A15: Pulsa 45.000
A16: 46950
A17: Pulsa 50.000
A18: 51907
A19: Pulsa 55.000
A20: 56944
A21: Pulsa 60.000
A22: 61911
A23: Pulsa 65.000
A24: 66893
A25: Pulsa 70.000
A26: 71875
A27: Pulsa 75.000
A28: 75487
A29: Pulsa 80.000
A30: 81849
A31: Pulsa 85.000
A32: 86832
A33: Pulsa 90.000
A34: 91819
A35: Pulsa 95.000
A36: 96811
A37: Pulsa 150.000
A38: 148264
A39: Pulsa 200.000
A40: 197934
A41: Pulsa 300.000
A42: 298734
A43: Pulsa 500.000
A44: 503783
A45: Pulsa 1.000.000
A46: 1005415

Sheet byU INDOFLAZ
A1: PID | B1: KATEGORI | C1: LAYANAN | D1: HARGA | E1: HARGA SILVER | F1: HARGA GOLD | G1: HARGA PRO | H1: STATUS
A2: BYU10-S9 | B2: byU | C2: by.U 10.000 | D2: Rp. 10.765 | E2: Rp. 10.515 | F2: Rp. 10.315 | G2: Rp. 10.115 | H2: Aktif
A3: BYU15-S9 | B3: byU | C3: by.U 15.000 | D3: Rp. 15.680 | E3: Rp. 15.430 | F3: Rp. 15.230 | G3: Rp. 15.030 | H3: Aktif
A4: BYU20-S9 | B4: byU | C4: by.U 20.000 | D4: Rp. 20.585 | E4: Rp. 20.335 | F4: Rp. 20.135 | G4: Rp. 19.935 | H4: Aktif
A5: BYU25-S9 | B5: byU | C5: by.U 25.000 | D5: Rp. 25.485 | E5: Rp. 25.235 | F5: Rp. 25.035 | G5: Rp. 24.835 | H5: Aktif
A6: BYU30-S9 | B6: byU | C6: by.U 30.000 | D6: Rp. 30.275 | E6: Rp. 30.025 | F6: Rp. 29.825 | G6: Rp. 29.625 | H6: Aktif
A7: BYU35-S9 | B7: byU | C7: by.U 35.000 | D7: Rp. 35.480 | E7: Rp. 35.230 | F7: Rp. 35.030 | G7: Rp. 34.830 | H7: Aktif
A8: BYU40-S9 | B8: byU | C8: by.U 40.000 | D8: Rp. 40.625 | E8: Rp. 40.375 | F8: Rp. 40.175 | G8: Rp. 39.975 | H8: Aktif
A9: BYU45-S9 | B9: byU | C9: by.U 45.000 | D9: Rp. 45.395 | E9: Rp. 45.145 | F9: Rp. 44.945 | G9: Rp. 44.745 | H9: Aktif
A10: BYU50-S9 | B10: byU | C10: by.U 50.000 | D10: Rp. 50.625 | E10: Rp. 50.375 | F10: Rp. 50.175 | G10: Rp. 49.975 | H10: Aktif
A11: BYU55-S9 | B11: byU | C11: by.U 55.000 | D11: Rp. 55.295 | E11: Rp. 55.045 | F11: Rp. 54.845 | G11: Rp. 54.645 | H11: Aktif
A12: BYU60-S9 | B12: byU | C12: by.U 60.000 | D12: Rp. 60.245 | E12: Rp. 59.995 | F12: Rp. 59.795 | G12: Rp. 59.595 | H12: Aktif
... A21: BYU150-S9 | B21: byU | C21: by.U 150.000 | D21: Rp. 149.475 | E21: Rp. 149.225 | F21: Rp. 149.025 | G21: Rp. 148.825 | H21: Aktif

Sheet Indosat INDOFLAZ
A1: PID | B1: KATEGORI | C1: LAYANAN | D1: HARGA | E1: HARGA SILVER | F1: HARGA GOLD | G1: HARGA PRO | H1: STATUS
A2: ISAT10-S9 | B2: Indosat | C2: Indosat 10.000 | D2: Rp. 11.580 | E2: Rp. 11.330 | F2: Rp. 11.130 | G2: Rp. 10.930 | H2: Aktif
A3: ISAT15-S9 | B3: Indosat | C3: Indosat 15.000 | D3: Rp. 15.650 | E3: Rp. 15.400 | F3: Rp. 15.200 | G3: Rp. 15.000 | H3: Aktif
A4: ISAT20-S9 | B4: Indosat | C4: Indosat 20.000 | D4: Rp. 20.300 | E4: Rp. 20.050 | F4: Rp. 19.850 | G4: Rp. 19.650 | H4: Aktif
A5: ISAT25-S9 | B5: Indosat | C5: Indosat 25.000 | D5: Rp. 25.615 | E5: Rp. 25.365 | F5: Rp. 25.165 | G5: Rp. 24.965 | H5: Aktif
A6: ISAT30-S9 | B6: Indosat | C6: Indosat 30.000 | D6: Rp. 30.415 | E6: Rp. 30.165 | F6: Rp. 29.965 | G6: Rp. 29.765 | H6: Aktif
A7: ISAT40-S9 | B7: Indosat | C7: Indosat 40.000 | D7: Rp. 40.300 | E7: Rp. 40.050 | F7: Rp. 39.850 | G7: Rp. 39.650 | H7: Aktif
A8: ISAT50-S9 | B8: Indosat | C8: Indosat 50.000 | D8: Rp. 49.875 | E8: Rp. 49.625 | F8: Rp. 49.425 | G8: Rp. 49.225 | H8: Aktif
A9: ISAT60-S9 | B9: Indosat | C9: Indosat 60.000 | D9: Rp. 59.750 | E9: Rp. 59.500 | F9: Rp. 59.300 | G9: Rp. 59.100 | H9: Aktif
A10: ISAT70-S9 | B10: Indosat | C10: Indosat 70.000 | D10: Rp. 68.740 | E10: Rp. 68.490 | F10: Rp. 68.290 | G10: Rp. 68.090 | H10: Aktif
A11: ISAT80-S9 | B11: Indosat | C11: Indosat 80.000 | D11: Rp. 79.075 | E11: Rp. 78.825 | F11: Rp. 78.625 | G11: Rp. 78.425 | H11: Aktif
A12: ISAT90-S9 | B12: Indosat | C12: Indosat 90.000 | D12: Rp. 87.695 | E12: Rp. 87.445 | F12: Rp. 87.245 | G12: Rp. 87.045 | H12: Aktif
... A20: ISAT1000-S9 | B20: Indosat | C20: Indosat 1.000.000 | D20: Rp. 928.250 | E20: Rp. 928.000 | F20: Rp. 927.800 | G20: Rp. 927.600 | H20: Aktif

Sheet Indosat OURA STORE
A1: Pulsa Reguler
A2: Select a variant list
A3: Indosat 5.000
A4: 7010
A5: Indosat 10.000
A6: 11970
A7: Indosat 12.000
A8: 13633
A9: Indosat 20.000
A10: 22501
A11: Indosat 25.000
A12: 26643
A13: Indosat 30.000
A14: 32376
A15: Indosat 40.000
A16: 41595
A17: Indosat 50.000
A18: 51069
A19: Indosat 60.000
A20: 61220
A21: Indosat 70.000
A22: 70868
A23: Indosat 80.000
A24: 80415
A25: Indosat 90.000
A26: 91234
A27: Indosat 100.000
A28: 98033
A29: Indosat 150.000
A30: 150589
A31: Indosat 200.000
A32: 198553
A33: Indosat 250.000
A34: 250903
A35: Indosat 500.000
A36: 498748
A37: Indosat 1.000.000
A38: 997000

Sheet Axis INDOFLAZ
A1: PID | B1: KATEGORI | C1: LAYANAN | D1: HARGA | E1: HARGA SILVER | F1: HARGA GOLD | G1: HARGA PRO | H1: STATUS
A2: AXIS10-S9 | B2: Axis | C2: Axis 10.000 | D2: Rp. 10.950 | E2: Rp. 10.700 | F2: Rp. 10.500 | G2: Rp. 10.300 | H2: Aktif
A3: AXIS15-S9 | B3: Axis | C3: Axis 15.000 | D3: Rp. 15.360 | E3: Rp. 15.110 | F3: Rp. 14.910 | G3: Rp. 14.710 | H3: Aktif
A4: AXIS25-S9 | B4: Axis | C4: Axis 25.000 | D4: Rp. 25.060 | E4: Rp. 24.810 | F4: Rp. 24.610 | G4: Rp. 24.410 | H4: Aktif
A5: AXIS30-S9 | B5: Axis | C5: Axis 30.000 | D5: Rp. 30.589 | E5: Rp. 30.339 | F5: Rp. 30.139 | G5: Rp. 29.939 | H5: Aktif
A6: AXIS50-S9 | B6: Axis | C6: Axis 50.000 | D6: Rp. 50.405 | E6: Rp. 50.155 | F6: Rp. 49.955 | G6: Rp. 49.755 | H6: Aktif
A7: AXIS100-S9 | B7: Axis | C7: Axis 100.000 | D7: Rp. 99.490 | E7: Rp. 99.240 | F7: Rp. 99.040 | G7: Rp. 98.840 | H7: Aktif
A8: AXIS200-S9 | B8: Axis | C8: Axis 200.000 | D8: Rp. 200.435 | E8: Rp. 200.185 | F8: Rp. 199.985 | G8: Rp. 199.785 | H8: Aktif
A9: AXIS300-S9 | B9: Axis | C9: Axis 300.000 | D9: Rp. 299.025 | E9: Rp. 298.775 | F9: Rp. 298.575 | G9: Rp. 298.375 | H9: Aktif
A10: AXIS500-S9 | B10: Axis | C10: Axis 500.000 | D10: Rp. 496.350 | E10: Rp. 496.100 | F10: Rp. 495.900 | G10: Rp. 495.700 | H10: Aktif
A11: AXIS1000-S9 | B11: Axis | C11: Axis 1.000.000 | D11: Rp. 994.460 | E11: Rp. 994.210 | F11: Rp. 994.010 | G11: Rp. 993.810 | H11: Aktif

Sheet Axis OURASTORE
A1: Pulsa Reguler
A2: Select a variant list
A3: Axis 5.000
A4: 7824
A5: Axis 10.000
A6: 12894
A7: Axis 15.000
A8: 17062
A9: Axis 25.000
A10: 27093
A11: Axis 50.000
A12: 52186
A13: Axis 100.000
A14: 102224

Sheet XL INDOFLAZ
A1: PID | B1: KATEGORI | C1: LAYANAN | D1: HARGA | E1: HARGA SILVER | F1: HARGA GOLD | G1: HARGA PRO | H1: STATUS
A2: XL15-S9 | B2: XL | C2: Xl 15.000 | D2: Rp. 15.445 | E2: Rp. 15.195 | F2: Rp. 14.995 | G2: Rp. 14.795 | H2: Aktif
A3: XL25-S9 | B3: XL | C3: Xl 25.000 | D3: Rp. 25.570 | E3: Rp. 25.320 | F3: Rp. 25.120 | G3: Rp. 24.920 | H3: Aktif
A4: XL30-S9 | B4: XL | C4: XL 30.000 | D4: Rp. 29.800 | E4: Rp. 29.550 | F4: Rp. 29.350 | G4: Rp. 29.150 | H4: Aktif
A5: XL40-S9 | B5: XL | C5: XL 40.000 | D5: Rp. 39.675 | E5: Rp. 39.425 | F5: Rp. 39.225 | G5: Rp. 39.025 | H5: Aktif
A6: XL50-S9 | B6: XL | C6: Xl 50.000 | D6: Rp. 48.750 | E6: Rp. 48.500 | F6: Rp. 48.300 | G6: Rp. 48.100 | H6: Aktif
A7: XL100-S9 | B7: XL | C7: Xl 100.000 | D7: Rp. 99.525 | E7: Rp. 99.275 | F7: Rp. 99.075 | G7: Rp. 98.875 | H7: Aktif
A8: XL150-S9 | B8: XL | C8: Xl 150.000 | D8: Rp. 150.060 | E8: Rp. 149.810 | F8: Rp. 149.610 | G8: Rp. 149.410 | H8: Aktif
A9: XL200-S9 | B9: XL | C9: Xl 200.000 | D9: Rp. 199.590 | E9: Rp. 199.340 | F9: Rp. 199.140 | G9: Rp. 198.940 | H9: Aktif
A10: XL300-S9 | B10: XL | C10: Xl 300.000 | D10: Rp. 299.350 | E10: Rp. 299.100 | F10: Rp. 298.900 | G10: Rp. 298.700 | H10: Aktif
A11: XL500-S9 | B11: XL | C11: Xl 500.000 | D11: Rp. 498.400 | E11: Rp. 498.150 | F11: Rp. 497.950 | G11: Rp. 497.750 | H11: Aktif
A12: XL1000-S9 | B12: XL | C12: Xl 1.000.000 | D12: Rp. 993.875 | E12: Rp. 993.625 | F12: Rp. 993.425 | G12: Rp. 993.225 | H12: Aktif

Sheet XL OURASTORE
A1: Pulsa Reguler
A2: Select a variant list
A3: Xl 5.000
A4: 7528
A5: XL 10.000
A6: 12748
A7: XL 15.000
A8: 17013
A9: XL 25.000
A10: 27049
A11: XL 50.000
A12: 52320
A13: XL 100.000
A14: 102498

Sheet TRI INDOFLAZ
A1: PID | B1: KATEGORI | C1: LAYANAN | D1: HARGA | E1: HARGA SILVER | F1: HARGA GOLD | G1: HARGA PRO | H1: STATUS
A2: TRI10-S9 | B2: TRI | C2: Three 10.000 | D2: Rp. 11.107 | E2: Rp. 10.857 | F2: Rp. 10.657 | G2: Rp. 10.457 | H2: Aktif
A3: TRI15-S9 | B3: TRI | C3: Three 15.000 | D3: Rp. 15.583 | E3: Rp. 15.333 | F3: Rp. 15.133 | G3: Rp. 14.933 | H3: Aktif
A4: TRI20-S9 | B4: TRI | C4: Three 20.000 | D4: Rp. 20.400 | E4: Rp. 20.150 | F4: Rp. 19.950 | G4: Rp. 19.750 | H4: Aktif
A5: TRI25-S9 | B5: TRI | C5: Three 25.000 | D5: Rp. 25.494 | E5: Rp. 25.244 | F5: Rp. 25.044 | G5: Rp. 24.844 | H5: Aktif
A6: TRI30-S9 | B6: TRI | C6: Three 30.000 | D6: Rp. 30.275 | E6: Rp. 30.025 | F6: Rp. 29.825 | G6: Rp. 29.625 | H6: Aktif
A7: TRI40-S9 | B7: TRI | C7: Three 40.000 | D7: Rp. 40.355 | E7: Rp. 40.105 | F7: Rp. 39.905 | G7: Rp. 39.705 | H7: Aktif
A8: TRI50-S9 | B8: TRI | C8: Three 50.000 | D8: Rp. 49.135 | E8: Rp. 48.885 | F8: Rp. 48.685 | G8: Rp. 48.485 | H8: Aktif
A9: TRI75-S9 | B9: TRI | C9: Three 75.000 | D9: Rp. 73.825 | E9: Rp. 73.575 | F9: Rp. 73.375 | G9: Rp. 73.175 | H9: Aktif
A10: TRI80-S9 | B10: TRI | C10: Three 80.000 | D10: Rp. 77.035 | E10: Rp. 76.785 | F10: Rp. 76.585 | G10: Rp. 76.385 | H10: Aktif
A11: TRI100-S9 | B11: TRI | C11: Three 100.000 | D11: Rp. 97.745 | E11: Rp. 97.495 | F11: Rp. 97.295 | G11: Rp. 97.095 | H11: Aktif
A12: TRI150-S9 | B12: TRI | C12: Three 150.000 | D12: Rp. 148.416 | E12: Rp. 148.166 | F12: Rp. 147.966 | G12: Rp. 147.766 | H12: Aktif
... A16: TRI500-S9 | B16: TRI | C16: Three 500.000 | D16: Rp. 491.766 | E16: Rp. 491.516 | F16: Rp. 491.316 | G16: Rp. 491.116 | H16: Aktif

Sheet SMARTFREN INDOFLAZ
A1: PID | B1: KATEGORI | C1: LAYANAN | D1: HARGA | E1: HARGA SILVER | F1: HARGA GOLD | G1: HARGA PRO | H1: STATUS
A2: SMART10-S9 | B2: SMARTFREN | C2: Smartfren 10.000 | D2: Rp. 10.800 | E2: Rp. 10.520 | F2: Rp. 10.320 | G2: Rp. 10.120 | H2: Aktif
A3: SMART20-S9 | B3: SMARTFREN | C3: Smartfren 20.000 | D3: Rp. 20.700 | E3: Rp. 20.405 | F3: Rp. 20.205 | G3: Rp. 20.005 | H3: Aktif
A4: SMART25-S9 | B4: SMARTFREN | C4: Smartfren 25.000 | D4: Rp. 25.900 | E4: Rp. 25.560 | F4: Rp. 25.360 | G4: Rp. 25.160 | H4: Aktif
A5: SMART30-S9 | B5: SMARTFREN | C5: Smartfren 30.000 | D5: Rp. 30.900 | E5: Rp. 30.575 | F5: Rp. 30.375 | G5: Rp. 30.175 | H5: Aktif
A6: SMART35-S9 | B6: SMARTFREN | C6: Smartfren 35.000 | D6: Rp. 35.800 | E6: Rp. 35.539 | F6: Rp. 35.339 | G6: Rp. 35.139 | H6: Aktif
A7: SMART40-S9 | B7: SMARTFREN | C7: Smartfren 40.000 | D7: Rp. 40.800 | E7: Rp. 40.539 | F7: Rp. 40.339 | G7: Rp. 40.139 | H7: Aktif
A8: SMART45-S9 | B8: SMARTFREN | C8: Smartfren 45.000 | D8: Rp. 45.800 | E8: Rp. 45.539 | F8: Rp. 45.339 | G8: Rp. 45.139 | H8: Aktif
A9: SMART50-S9 | B9: SMARTFREN | C9: Smartfren 50.000 | D9: Rp. 50.900 | E9: Rp. 50.590 | F9: Rp. 50.390 | G9: Rp. 50.190 | H9: Aktif
A10: SMART55-S9 | B10: SMARTFREN | C10: Smartfren 55.000 | D10: Rp. 55.800 | E10: Rp. 55.539 | F10: Rp. 55.339 | G10: Rp. 55.139 | H10: Aktif
A11: SMART65-S9 | B11: SMARTFREN | C11: Smartfren 65.000 | D11: Rp. 65.800 | E11: Rp. 65.539 | F11: Rp. 65.339 | G11: Rp. 65.139 | H11: Aktif
A12: SMART70-S9 | B12: SMARTFREN | C12: Smartfren 70.000 | D12: Rp. 70.800 | E12: Rp. 70.539 | F12: Rp. 70.339 | G12: Rp. 70.139 | H12: Aktif
... A20: SMART1000-S9 | B20: SMARTFREN | C20: Smartfren 1.000.000 | D20: Rp. 996.800 | E20: Rp. 996.525 | F20: Rp. 996.325 | G20: Rp. 996.125 | H20: Aktif

Sheet SMARTFREN OURASTORE
A1: Pulsa Reguler
A2: Select a variant list
A3: Smartfren 10.000
A4: 11955
A5: Smartfren 15.000
A6: 16934
A7: Smartfren 20.000
A8: 22140
A9: Smartfren 25.000
A10: 26684
A11: Smartfren 30.000
A12: 31854
A13: Smartfren 35.000
A14: 37014
A15: Smartfren 50.000
A16: 51399
A17: Smartfren 60.000
A18: 61556
A19: Smartfren 65.000
A20: 67013
A21: Smartfren 70.000
A22: 71606
A23: Smartfren 75.000
A24: 76571
A25: Smartfren 80.000
A26: 81556
A27: Smartfren 85.000
A28: 87033
A29: Smartfren 90.000
A30: 92013
A31: Smartfren 95.000
A32: 97083
A33: Smartfren 100.000
A34: 100807

Sheet Analisis Detail
A1: Kategori | B1: PID | C1: Layanan | D1: Sheet Modal (Indoflaz) | E1: Qty Terdeteksi | F1: Modal Silver | G1: Modal Gold | H1: Modal Pro | I1: Sumber Kompetitor | J1: Harga Kompetitor 1 | K1: Harga Kompetitor 2 | L1: Harga Kompetitor 3 | M1: Jumlah Sumber | N1: Status Kompetitor | O1: Kompetitor Termurah | P1: Kompetitor Rata-rata | Q1: Selisih vs Modal Gold | R1: Margin thd Kompetitor Termurah | S1: Rekomendasi Harga Jual | T1: Margin Rekomendasi thd Modal Gold
A2: Garena Undawn | B2: GU80-S11 | C2: RC 80 | D2: UNDAWN INDOFLAZ | E2: 80 | F2: =IFERROR(VALUE(SUBSTITUTE(SUBSTITUTE('UNDAWN INDOFLAZ'!E2,"Rp. ",""),".","")),'UNDAWN INDOFLAZ'!E2) -> 13818 | G2: =IFERROR(VALUE(SUBSTITUTE(SUBSTITUTE('UNDAWN INDOFLAZ'!F2,"Rp. ",""),".","")),'UNDAWN INDOFLAZ'!F2) -> 13684 | H2: =IFERROR(VALUE(SUBSTITUTE(SUBSTITUTE('UNDAWN INDOFLAZ'!G2,"Rp. ",""),".","")),'UNDAWN INDOFLAZ'!G2) -> 13550 | I2: UNDAWN OURA STORE | J2: ='UNDAWN OURA STORE'!A8 -> 15008 | M2: =COUNT(J2:L2) -> 1 | N2: =IF(M2>0,"Ada","Tidak Ada") -> Ada | O2: =IF(M2>0,MIN(J2:L2),"-") -> 15008 | P2: =IF(M2>0,AVERAGE(J2:L2),"-") -> 15008 | Q2: =IF(M2>0,O2-G2,"-") -> 1324 | R2: =IF(M2>0,IFERROR(Q2/O2,"-"),"-") -> 0.088219616 | S2: =IF(M2>0,ROUND(MAX(G2*1.08,O2*0.97)/100,0)*100,ROUND(G2*1.12/100,0)*100) -> 14800 | T2: =IFERROR((S2-G2)/S2,"-") -> 0.075405405
A3: Garena Undawn | B3: GU250-S11 | C3: RC 250 | D3: UNDAWN INDOFLAZ | E3: 250 | F3: =IFERROR(VALUE(SUBSTITUTE(SUBSTITUTE('UNDAWN INDOFLAZ'!E3,"Rp. ",""),".","")),'UNDAWN INDOFLAZ'!E3) -> 41049 | G3: =IFERROR(VALUE(SUBSTITUTE(SUBSTITUTE('UNDAWN INDOFLAZ'!F3,"Rp. ",""),".","")),'UNDAWN INDOFLAZ'!F3) -> 40647 | H3: =IFERROR(VALUE(SUBSTITUTE(SUBSTITUTE('UNDAWN INDOFLAZ'!G3,"Rp. ",""),".","")),'UNDAWN INDOFLAZ'!G3) -> 40647 | I3: UNDAWN OURA STORE | J3: ='UNDAWN OURA STORE'!A10 -> 43756 | M3: =COUNT(J3:L3) -> 1 | N3: =IF(M3>0,"Ada","Tidak Ada") -> Ada | O3: =IF(M3>0,MIN(J3:L3),"-") -> 43756 | P3: =IF(M3>0,AVERAGE(J3:L3),"-") -> 43756 | Q3: =IF(M3>0,O3-G3,"-") -> 3109 | R3: =IF(M3>0,IFERROR(Q3/O3,"-"),"-") -> 0.071053113 | S3: =IF(M3>0,ROUND(MAX(G3*1.08,O3*0.97)/100,0)*100,ROUND(G3*1.12/100,0)*100) -> 43900 | T3: =IFERROR((S3-G3)/S3,"-") -> 0.074100228
A4: Garena Undawn | B4: GU450-S11 | C4: RC 450 | D4: UNDAWN INDOFLAZ | E4: 450 | F4: =IFERROR(VALUE(SUBSTITUTE(SUBSTITUTE('UNDAWN INDOFLAZ'!E4,"Rp. ",""),".","")),'UNDAWN INDOFLAZ'!E4) -> 69086 | G4: =IFERROR(VALUE(SUBSTITUTE(SUBSTITUTE('UNDAWN INDOFLAZ'!F4,"Rp. ",""),".","")),'UNDAWN INDOFLAZ'!F4) -> 68415 | H4: =IFERROR(VALUE(SUBSTITUTE(SUBSTITUTE('UNDAWN INDOFLAZ'!G4,"Rp. ",""),".","")),'UNDAWN INDOFLAZ'!G4) -> 67744 | I4: UNDAWN OURA STORE | J4: ='UNDAWN OURA STORE'!A12 -> 75037 | M4: =COUNT(J4:L4) -> 1 | N4: =IF(M4>0,"Ada","Tidak Ada") -> Ada | O4: =IF(M4>0,MIN(J4:L4),"-") -> 75037 | P4: =IF(M4>0,AVERAGE(J4:L4),"-") -> 75037 | Q4: =IF(M4>0,O4-G4,"-") -> 6622 | R4: =IF(M4>0,IFERROR(Q4/O4,"-"),"-") -> 0.088249797 | S4: =IF(M4>0,ROUND(MAX(G4*1.08,O4*0.97)/100,0)*100,ROUND(G4*1.12/100,0)*100) -> 73900 | T4: =IFERROR((S4-G4)/S4,"-") -> 0.074221922
A5: Garena Undawn | B5: GU920-S11 | C5: RC 920 | D5: UNDAWN INDOFLAZ | E5: 920 | F5: =IFERROR(VALUE(SUBSTITUTE(SUBSTITUTE('UNDAWN INDOFLAZ'!E5,"Rp. ",""),".","")),'UNDAWN INDOFLAZ'!E5) -> 137249 | G5: =IFERROR(VALUE(SUBSTITUTE(SUBSTITUTE('UNDAWN INDOFLAZ'!F5,"Rp. ",""),".","")),'UNDAWN INDOFLAZ'!F5) -> 135917 | H5: =IFERROR(VALUE(SUBSTITUTE(SUBSTITUTE('UNDAWN INDOFLAZ'!G5,"Rp. ",""),".","")),'UNDAWN INDOFLAZ'!G5) -> 134584 | I5: UNDAWN OURA STORE | J5: ='UNDAWN OURA STORE'!A14 -> 149072 | M5: =COUNT(J5:L5) -> 1 | N5: =IF(M5>0,"Ada","Tidak Ada") -> Ada | O5: =IF(M5>0,MIN(J5:L5),"-") -> 149072 | P5: =IF(M5>0,AVERAGE(J5:L5),"-") -> 149072 | Q5: =IF(M5>0,O5-G5,"-") -> 13155 | R5: =IF(M5>0,IFERROR(Q5/O5,"-"),"-") -> 0.088245948 | S5: =IF(M5>0,ROUND(MAX(G5*1.08,O5*0.97)/100,0)*100,ROUND(G5*1.12/100,0)*100) -> 146800 | T5: =IFERROR((S5-G5)/S5,"-") -> 0.074134877
A6: Garena Undawn | B6: GU1850-S11 | C6: RC 1850 | D6: UNDAWN INDOFLAZ | E6: 1850 | F6: =IFERROR(VALUE(SUBSTITUTE(SUBSTITUTE('UNDAWN INDOFLAZ'!E6,"Rp. ",""),".","")),'UNDAWN INDOFLAZ'!E6) -> 275418 | G6: =IFERROR(VALUE(SUBSTITUTE(SUBSTITUTE('UNDAWN INDOFLAZ'!F6,"Rp. ",""),".","")),'UNDAWN INDOFLAZ'!F6) -> 272744 | H6: =IFERROR(VALUE(SUBSTITUTE(SUBSTITUTE('UNDAWN INDOFLAZ'!G6,"Rp. ",""),".","")),'UNDAWN INDOFLAZ'!G6) -> 270070 | I6: UNDAWN OURA STORE | J6: ='UNDAWN OURA STORE'!A16 -> 299143 | M6: =COUNT(J6:L6) -> 1 | N6: =IF(M6>0,"Ada","Tidak Ada") -> Ada | O6: =IF(M6>0,MIN(J6:L6),"-") -> 299143 | P6: =IF(M6>0,AVERAGE(J6:L6),"-") -> 299143 | Q6: =IF(M6>0,O6-G6,"-") -> 26399 | R6: =IF(M6>0,IFERROR(Q6/O6,"-"),"-") -> 0.088248764 | S6: =IF(M6>0,ROUND(MAX(G6*1.08,O6*0.97)/100,0)*100,ROUND(G6*1.12/100,0)*100) -> 294600 | T6: =IFERROR((S6-G6)/S6,"-") -> 0.07418873
A7: Garena Undawn | B7: GU2800-S11 | C7: RC 2800 | D7: UNDAWN INDOFLAZ | E7: 2800 | F7: =IFERROR(VALUE(SUBSTITUTE(SUBSTITUTE('UNDAWN INDOFLAZ'!E7,"Rp. ",""),".","")),'UNDAWN INDOFLAZ'!E7) -> 413588 | G7: =IFERROR(VALUE(SUBSTITUTE(SUBSTITUTE('UNDAWN INDOFLAZ'!F7,"Rp. ",""),".","")),'UNDAWN INDOFLAZ'!F7) -> 409572 | H7: =IFERROR(VALUE(SUBSTITUTE(SUBSTITUTE('UNDAWN INDOFLAZ'!G7,"Rp. ",""),".","")),'UNDAWN INDOFLAZ'!G7) -> 405557 | I7: UNDAWN OURA STORE | J7: ='UNDAWN OURA STORE'!A18 -> 449215 | M7: =COUNT(J7:L7) -> 1 | N7: =IF(M7>0,"Ada","Tidak Ada") -> Ada | O7: =IF(M7>0,MIN(J7:L7),"-") -> 449215 | P7: =IF(M7>0,AVERAGE(J7:L7),"-") -> 449215 | Q7: =IF(M7>0,O7-G7,"-") -> 39643 | R7: =IF(M7>0,IFERROR(Q7/O7,"-"),"-") -> 0.088249502 | S7: =IF(M7>0,ROUND(MAX(G7*1.08,O7*0.97)/100,0)*100,ROUND(G7*1.12/100,0)*100) -> 442300 | T7: =IFERROR((S7-G7)/S7,"-") -> 0.073995026
A8: Garena Undawn | B8: GU4750-S11 | C8: RC 4750 | D8: UNDAWN INDOFLAZ | E8: 4750 | F8: =IFERROR(VALUE(SUBSTITUTE(SUBSTITUTE('UNDAWN INDOFLAZ'!E8,"Rp. ",""),".","")),'UNDAWN INDOFLAZ'!E8) -> 689926 | G8: =IFERROR(VALUE(SUBSTITUTE(SUBSTITUTE('UNDAWN INDOFLAZ'!F8,"Rp. ",""),".","")),'UNDAWN INDOFLAZ'!F8) -> 683228 | H8: =IFERROR(VALUE(SUBSTITUTE(SUBSTITUTE('UNDAWN INDOFLAZ'!G8,"Rp. ",""),".","")),'UNDAWN INDOFLAZ'!G8) -> 676530 | I8: UNDAWN OURA STORE | J8: ='UNDAWN OURA STORE'!A20 -> 749359 | M8: =COUNT(J8:L8) -> 1 | N8: =IF(M8>0,"Ada","Tidak Ada") -> Ada | O8: =IF(M8>0,MIN(J8:L8),"-") -> 749359 | P8: =IF(M8>0,AVERAGE(J8:L8),"-") -> 749359 | Q8: =IF(M8>0,O8-G8,"-") -> 66131 | R8: =IF(M8>0,IFERROR(Q8/O8,"-"),"-") -> 0.088250091 | S8: =IF(M8>0,ROUND(MAX(G8*1.08,O8*0.97)/100,0)*100,ROUND(G8*1.12/100,0)*100) -> 737900 | T8: =IFERROR((S8-G8)/S8,"-") -> 0.07409134
A9: Garena Undawn | B9: GU9600-S11 | C9: RC 9600 | D9: UNDAWN INDOFLAZ | E9: 9600 | F9: =IFERROR(VALUE(SUBSTITUTE(SUBSTITUTE('UNDAWN INDOFLAZ'!E9,"Rp. ",""),".","")),'UNDAWN INDOFLAZ'!E9) -> 1367368 | G9: =IFERROR(VALUE(SUBSTITUTE(SUBSTITUTE('UNDAWN INDOFLAZ'!F9,"Rp. ",""),".","")),'UNDAWN INDOFLAZ'!F9) -> 1353962 | H9: =IFERROR(VALUE(SUBSTITUTE(SUBSTITUTE('UNDAWN INDOFLAZ'!G9,"Rp. ",""),".","")),'UNDAWN INDOFLAZ'!G9) -> 1347259 | I9: UNDAWN OURA STORE | J9: ='UNDAWN OURA STORE'!A22 -> 1499716 | M9: =COUNT(J9:L9) -> 1 | N9: =IF(M9>0,"Ada","Tidak Ada") -> Ada | O9: =IF(M9>0,MIN(J9:L9),"-") -> 1499716 | P9: =IF(M9>0,AVERAGE(J9:L9),"-") -> 1499716 | Q9: =IF(M9>0,O9-G9,"-") -> 145754 | R9: =IF(M9>0,IFERROR(Q9/O9,"-"),"-") -> 0.097187734 | S9: =IF(M9>0,ROUND(MAX(G9*1.08,O9*0.97)/100,0)*100,ROUND(G9*1.12/100,0)*100) -> 1462300 | T9: =IFERROR((S9-G9)/S9,"-") -> 0.074087397
A10: Garena Undawn | B10: GU33000-S11 | C10: RC 33000 | D10: UNDAWN INDOFLAZ | E10: 33000 | F10: =IFERROR(VALUE(SUBSTITUTE(SUBSTITUTE('UNDAWN INDOFLAZ'!E10,"Rp. ",""),".","")),'UNDAWN INDOFLAZ'!E10) -> 4560930 | G10: =IFERROR(VALUE(SUBSTITUTE(SUBSTITUTE('UNDAWN INDOFLAZ'!F10,"Rp. ",""),".","")),'UNDAWN INDOFLAZ'!F10) -> 4516215 | H10: =IFERROR(VALUE(SUBSTITUTE(SUBSTITUTE('UNDAWN INDOFLAZ'!G10,"Rp. ",""),".","")),'UNDAWN INDOFLAZ'!G10) -> 4493858 | I10: UNDAWN OURA STORE | J10: ='UNDAWN OURA STORE'!A24 -> 5002388 | M10: =COUNT(J10:L10) -> 1 | N10: =IF(M10>0,"Ada","Tidak Ada") -> Ada | O10: =IF(M10>0,MIN(J10:L10),"-") -> 5002388 | P10: =IF(M10>0,AVERAGE(J10:L10),"-") -> 5002388 | Q10: =IF(M10>0,O10-G10,"-") -> 486173 | R10: =IF(M10>0,IFERROR(Q10/O10,"-"),"-") -> 0.097188183 | S10: =IF(M10>0,ROUND(MAX(G10*1.08,O10*0.97)/100,0)*100,ROUND(G10*1.12/100,0)*100) -> 4877500 | T10: =IFERROR((S10-G10)/S10,"-") -> 0.074071758
A11: Garena Undawn | B11: GU66500-S11 | C11: RC 66500 | D11: UNDAWN INDOFLAZ | E11: 66500 | F11: =IFERROR(VALUE(SUBSTITUTE(SUBSTITUTE('UNDAWN INDOFLAZ'!E11,"Rp. ",""),".","")),'UNDAWN INDOFLAZ'!E11) -> 9121860 | G11: =IFERROR(VALUE(SUBSTITUTE(SUBSTITUTE('UNDAWN INDOFLAZ'!F11,"Rp. ",""),".","")),'UNDAWN INDOFLAZ'!F11) -> 9032430 | H11: =IFERROR(VALUE(SUBSTITUTE(SUBSTITUTE('UNDAWN INDOFLAZ'!G11,"Rp. ",""),".","")),'UNDAWN INDOFLAZ'!G11) -> 8987715 | I11: UNDAWN OURA STORE | J11: ='UNDAWN OURA STORE'!A26 -> 10004775 | M11: =COUNT(J11:L11) -> 1 | N11: =IF(M11>0,"Ada","Tidak Ada") -> Ada | O11: =IF(M11>0,MIN(J11:L11),"-") -> 10004775 | P11: =IF(M11>0,AVERAGE(J11:L11),"-") -> 10004775 | Q11: =IF(M11>0,O11-G11,"-") -> 972345 | R11: =IF(M11>0,IFERROR(Q11/O11,"-"),"-") -> 0.097188093 | S11: =IF(M11>0,ROUND(MAX(G11*1.08,O11*0.97)/100,0)*100,ROUND(G11*1.12/100,0)*100) -> 9755000 | T11: =IFERROR((S11-G11)/S11,"-") -> 0.074071758
A12: League of Legends Wild Rift | B12: LOL425-S10 | C12: 425 Cores | D12: League of Legend Wild drift IND | E12: 425 | F12: =IFERROR(VALUE(SUBSTITUTE(SUBSTITUTE('League of Legend Wild drift IND'!E2,"Rp. ",""),".","")),'League of Legend Wild drift IND'!E2) -> 53172 | G12: =IFERROR(VALUE(SUBSTITUTE(SUBSTITUTE('League of Legend Wild drift IND'!F2,"Rp. ",""),".","")),'League of Legend Wild drift IND'!F2) -> 52656 | H12: =IFERROR(VALUE(SUBSTITUTE(SUBSTITUTE('League of Legend Wild drift IND'!G2,"Rp. ",""),".","")),'League of Legend Wild drift IND'!G2) -> 52140 | I12: League of Legend Wild drift OUR | J12: ='League of Legend Wild drift OUR'!A4 -> 54259 | K12: ='League of Legend Wild drift OUR'!A18 -> 70384 | L12: ='League of Legend Wild drift OUR'!A32 -> 57227 | M12: =COUNT(J12:L12) -> 3 | N12: =IF(M12>0,"Ada","Tidak Ada") -> Ada | O12: =IF(M12>0,MIN(J12:L12),"-") -> 54259 | P12: =IF(M12>0,AVERAGE(J12:L12),"-") -> 60623.333 | Q12: =IF(M12>0,O12-G12,"-") -> 1603 | R12: =IF(M12>0,IFERROR(Q12/O12,"-"),"-") -> 0.029543486 | S12: =IF(M12>0,ROUND(MAX(G12*1.08,O12*0.97)/100,0)*100,ROUND(G12*1.12/100,0)*100) -> 56900 | T12: =IFERROR((S12-G12)/S12,"-") -> 0.074586995
A13: League of Legends Wild Rift | B13: LOL1000-S10 | C13: 1000 Cores | D13: League of Legend Wild drift IND | E13: 1000 | F13: =IFERROR(VALUE(SUBSTITUTE(SUBSTITUTE('League of Legend Wild drift IND'!E3,"Rp. ",""),".","")),'League of Legend Wild drift IND'!E3) -> 118687 | G13: =IFERROR(VALUE(SUBSTITUTE(SUBSTITUTE('League of Legend Wild drift IND'!F3,"Rp. ",""),".","")),'League of Legend Wild drift IND'!F3) -> 117535 | H13: =IFERROR(VALUE(SUBSTITUTE(SUBSTITUTE('League of Legend Wild drift IND'!G3,"Rp. ",""),".","")),'League of Legend Wild drift IND'!G3) -> 116383 | I13: League of Legend Wild drift OUR | J13: ='League of Legend Wild drift OUR'!A6 -> 121113 | K13: ='League of Legend Wild drift OUR'!A20 -> 154545 | L13: ='League of Legend Wild drift OUR'!A34 -> 128473 | M13: =COUNT(J13:L13) -> 3 | N13: =IF(M13>0,"Ada","Tidak Ada") -> Ada | O13: =IF(M13>0,MIN(J13:L13),"-") -> 121113 | P13: =IF(M13>0,AVERAGE(J13:L13),"-") -> 134710.33 | Q13: =IF(M13>0,O13-G13,"-") -> 3578 | R13: =IF(M13>0,IFERROR(Q13/O13,"-"),"-") -> 0.029542659 | S13: =IF(M13>0,ROUND(MAX(G13*1.08,O13*0.97)/100,0)*100,ROUND(G13*1.12/100,0)*100) -> 126900 | T13: =IFERROR((S13-G13)/S13,"-") -> 0.073798266
A14: League of Legends Wild Rift | B14: LOL1850-S10 | C14: 1850 Cores | D14: League of Legend Wild drift IND | E14: 1850 | F14: =IFERROR(VALUE(SUBSTITUTE(SUBSTITUTE('League of Legend Wild drift IND'!E4,"Rp. ",""),".","")),'League of Legend Wild drift IND'!E4) -> 213637 | G14: =IFERROR(VALUE(SUBSTITUTE(SUBSTITUTE('League of Legend Wild drift IND'!F4,"Rp. ",""),".","")),'League of Legend Wild drift IND'!F4) -> 211563 | H14: =IFERROR(VALUE(SUBSTITUTE(SUBSTITUTE('League of Legend Wild drift IND'!G4,"Rp. ",""),".","")),'League of Legend Wild drift IND'!G4) -> 209489 | I14: League of Legend Wild drift OUR | J14: ='League of Legend Wild drift OUR'!A8 -> 218003 | K14: ='League of Legend Wild drift OUR'!A22 -> 282649 | L14: ='League of Legend Wild drift OUR'!A36 -> 234341 | M14: =COUNT(J14:L14) -> 3 | N14: =IF(M14>0,"Ada","Tidak Ada") -> Ada | O14: =IF(M14>0,MIN(J14:L14),"-") -> 218003 | P14: =IF(M14>0,AVERAGE(J14:L14),"-") -> 244997.67 | Q14: =IF(M14>0,O14-G14,"-") -> 6440 | R14: =IF(M14>0,IFERROR(Q14/O14,"-"),"-") -> 0.029540878 | S14: =IF(M14>0,ROUND(MAX(G14*1.08,O14*0.97)/100,0)*100,ROUND(G14*1.12/100,0)*100) -> 228500 | T14: =IFERROR((S14-G14)/S14,"-") -> 0.074122538
A15: League of Legends Wild Rift | B15: LOL3275-S10 | C15: 3275 Cores | D15: League of Legend Wild drift IND | E15: 3275 | F15: =IFERROR(VALUE(SUBSTITUTE(SUBSTITUTE('League of Legend Wild drift IND'!E5,"Rp. ",""),".","")),'League of Legend Wild drift IND'!E5) -> 375051 | G15: =IFERROR(VALUE(SUBSTITUTE(SUBSTITUTE('League of Legend Wild drift IND'!F5,"Rp. ",""),".","")),'League of Legend Wild drift IND'!F5) -> 371410 | H15: =IFERROR(VALUE(SUBSTITUTE(SUBSTITUTE('League of Legend Wild drift IND'!G5,"Rp. ",""),".","")),'League of Legend Wild drift IND'!G5) -> 367769 | I15: League of Legend Wild drift OUR | J15: ='League of Legend Wild drift OUR'!A10 -> 382716 | K15: ='League of Legend Wild drift OUR'!A24 -> 494915 | L15: ='League of Legend Wild drift OUR'!A38 -> 409166 | M15: =COUNT(J15:L15) -> 3 | N15: =IF(M15>0,"Ada","Tidak Ada") -> Ada | O15: =IF(M15>0,MIN(J15:L15),"-") -> 382716 | P15: =IF(M15>0,AVERAGE(J15:L15),"-") -> 428932.33 | Q15: =IF(M15>0,O15-G15,"-") -> 11306 | R15: =IF(M15>0,IFERROR(Q15/O15,"-"),"-") -> 0.029541488 | S15: =IF(M15>0,ROUND(MAX(G15*1.08,O15*0.97)/100,0)*100,ROUND(G15*1.12/100,0)*100) -> 401100 | T15: =IFERROR((S15-G15)/S15,"-") -> 0.074021441
A16: League of Legends Wild Rift | B16: LOL4800-S10 | C16: 4800 Cores | D16: League of Legend Wild drift IND | E16: 4800 | F16: =IFERROR(VALUE(SUBSTITUTE(SUBSTITUTE('League of Legend Wild drift IND'!E6,"Rp. ",""),".","")),'League of Legend Wild drift IND'!E6) -> 536466 | G16: =IFERROR(VALUE(SUBSTITUTE(SUBSTITUTE('League of Legend Wild drift IND'!F6,"Rp. ",""),".","")),'League of Legend Wild drift IND'!F6) -> 531257 | H16: =IFERROR(VALUE(SUBSTITUTE(SUBSTITUTE('League of Legend Wild drift IND'!G6,"Rp. ",""),".","")),'League of Legend Wild drift IND'!G6) -> 526049 | I16: League of Legend Wild drift OUR | J16: ='League of Legend Wild drift OUR'!A12 -> 547428 | K16: ='League of Legend Wild drift OUR'!A26 -> 707180 | L16: ='League of Legend Wild drift OUR'!A40 -> 586566 | M16: =COUNT(J16:L16) -> 3 | N16: =IF(M16>0,"Ada","Tidak Ada") -> Ada | O16: =IF(M16>0,MIN(J16:L16),"-") -> 547428 | P16: =IF(M16>0,AVERAGE(J16:L16),"-") -> 613724.67 | Q16: =IF(M16>0,O16-G16,"-") -> 16171 | R16: =IF(M16>0,IFERROR(Q16/O16,"-"),"-") -> 0.029539958 | S16: =IF(M16>0,ROUND(MAX(G16*1.08,O16*0.97)/100,0)*100,ROUND(G16*1.12/100,0)*100) -> 573800 | T16: =IFERROR((S16-G16)/S16,"-") -> 0.074142558
A17: League of Legends Wild Rift | B17: LOL10000-S10 | C17: 10000 Cores | D17: League of Legend Wild drift IND | E17: 10000 | F17: =IFERROR(VALUE(SUBSTITUTE(SUBSTITUTE('League of Legend Wild drift IND'!E7,"Rp. ",""),".","")),'League of Legend Wild drift IND'!E7) -> 1071980 | G17: =IFERROR(VALUE(SUBSTITUTE(SUBSTITUTE('League of Legend Wild drift IND'!F7,"Rp. ",""),".","")),'League of Legend Wild drift IND'!F7) -> 1061573 | H17: =IFERROR(VALUE(SUBSTITUTE(SUBSTITUTE('League of Legend Wild drift IND'!G7,"Rp. ",""),".","")),'League of Legend Wild drift IND'!G7) -> 1051165 | I17: League of Legend Wild drift OUR | J17: ='League of Legend Wild drift OUR'!A14 -> 1093887 | K17: ='League of Legend Wild drift OUR'!A28 -> 1414732 | L17: ='League of Legend Wild drift OUR'!A42 -> 1170270 | M17: =COUNT(J17:L17) -> 3 | N17: =IF(M17>0,"Ada","Tidak Ada") -> Ada | O17: =IF(M17>0,MIN(J17:L17),"-") -> 1093887 | P17: =IF(M17>0,AVERAGE(J17:L17),"-") -> 1226296.3 | Q17: =IF(M17>0,O17-G17,"-") -> 32314 | R17: =IF(M17>0,IFERROR(Q17/O17,"-"),"-") -> 0.029540528 | S17: =IF(M17>0,ROUND(MAX(G17*1.08,O17*0.97)/100,0)*100,ROUND(G17*1.12/100,0)*100) -> 1146500 | T17: =IFERROR((S17-G17)/S17,"-") -> 0.074075011
A18: Arena Of Valor | B18: AOV40-S11 | C18: 40 Vouchers | D18: AOV INDOFLAZ | E18: 40 | F18: =IFERROR(VALUE(SUBSTITUTE(SUBSTITUTE('AOV INDOFLAZ'!E2,"Rp. ",""),".","")),'AOV INDOFLAZ'!E2) -> 9464 | G18: =IFERROR(VALUE(SUBSTITUTE(SUBSTITUTE('AOV INDOFLAZ'!F2,"Rp. ",""),".","")),'AOV INDOFLAZ'!F2) -> 9373 | H18: =IFERROR(VALUE(SUBSTITUTE(SUBSTITUTE('AOV INDOFLAZ'!G2,"Rp. ",""),".","")),'AOV INDOFLAZ'!G2) -> 9282 | I18: AOV OURA STORE | J18: ='AOV OURA STORE'!A4 -> 9785 | M18: =COUNT(J18:L18) -> 1 | N18: =IF(M18>0,"Ada","Tidak Ada") -> Ada | O18: =IF(M18>0,MIN(J18:L18),"-") -> 9785 | P18: =IF(M18>0,AVERAGE(J18:L18),"-") -> 9785 | Q18: =IF(M18>0,O18-G18,"-") -> 412 | R18: =IF(M18>0,IFERROR(Q18/O18,"-"),"-") -> 0.042105263 | S18: =IF(M18>0,ROUND(MAX(G18*1.08,O18*0.97)/100,0)*100,ROUND(G18*1.12/100,0)*100) -> 10100 | T18: =IFERROR((S18-G18)/S18,"-") -> 0.071980198
A19: Arena Of Valor | B19: AOV90-S11 | C19: 90 Vouchers | D19: AOV INDOFLAZ | E19: 90 | F19: =IFERROR(VALUE(SUBSTITUTE(SUBSTITUTE('AOV INDOFLAZ'!E3,"Rp. ",""),".","")),'AOV INDOFLAZ'!E3) -> 18928 | G19: =IFERROR(VALUE(SUBSTITUTE(SUBSTITUTE('AOV INDOFLAZ'!F3,"Rp. ",""),".","")),'AOV INDOFLAZ'!F3) -> 18746 | H19: =IFERROR(VALUE(SUBSTITUTE(SUBSTITUTE('AOV INDOFLAZ'!G3,"Rp. ",""),".","")),'AOV INDOFLAZ'!G3) -> 18564 | I19: AOV OURA STORE | J19: ='AOV OURA STORE'!A6 -> 19568 | M19: =COUNT(J19:L19) -> 1 | N19: =IF(M19>0,"Ada","Tidak Ada") -> Ada | O19: =IF(M19>0,MIN(J19:L19),"-") -> 19568 | P19: =IF(M19>0,AVERAGE(J19:L19),"-") -> 19568 | Q19: =IF(M19>0,O19-G19,"-") -> 822 | R19: =IF(M19>0,IFERROR(Q19/O19,"-"),"-") -> 0.042007359 | S19: =IF(M19>0,ROUND(MAX(G19*1.08,O19*0.97)/100,0)*100,ROUND(G19*1.12/100,0)*100) -> 20200 | T19: =IFERROR((S19-G19)/S19,"-") -> 0.071980198
A20: Arena Of Valor | B20: AOV230-S11 | C20: 230 Vouchers | D20: AOV INDOFLAZ | E20: 230 | F20: =IFERROR(VALUE(SUBSTITUTE(SUBSTITUTE('AOV INDOFLAZ'!E4,"Rp. ",""),".","")),'AOV INDOFLAZ'!E4) -> 47320 | G20: =IFERROR(VALUE(SUBSTITUTE(SUBSTITUTE('AOV INDOFLAZ'!F4,"Rp. ",""),".","")),'AOV INDOFLAZ'!F4) -> 46865 | H20: =IFERROR(VALUE(SUBSTITUTE(SUBSTITUTE('AOV INDOFLAZ'!G4,"Rp. ",""),".","")),'AOV INDOFLAZ'!G4) -> 46410 | I20: AOV OURA STORE | J20: ='AOV OURA STORE'!A8 -> 48920 | M20: =COUNT(J20:L20) -> 1 | N20: =IF(M20>0,"Ada","Tidak Ada") -> Ada | O20: =IF(M20>0,MIN(J20:L20),"-") -> 48920 | P20: =IF(M20>0,AVERAGE(J20:L20),"-") -> 48920 | Q20: =IF(M20>0,O20-G20,"-") -> 2055 | R20: =IF(M20>0,IFERROR(Q20/O20,"-"),"-") -> 0.042007359 | S20: =IF(M20>0,ROUND(MAX(G20*1.08,O20*0.97)/100,0)*100,ROUND(G20*1.12/100,0)*100) -> 50600 | T20: =IFERROR((S20-G20)/S20,"-") -> 0.073814229
A21: Arena Of Valor | B21: AOV470-S11 | C21: 470 Vouchers | D21: AOV INDOFLAZ | E21: 470 | F21: =IFERROR(VALUE(SUBSTITUTE(SUBSTITUTE('AOV INDOFLAZ'!E5,"Rp. ",""),".","")),'AOV INDOFLAZ'!E5) -> 94640 | G21: =IFERROR(VALUE(SUBSTITUTE(SUBSTITUTE('AOV INDOFLAZ'!F5,"Rp. ",""),".","")),'AOV INDOFLAZ'!F5) -> 93730 | H21: =IFERROR(VALUE(SUBSTITUTE(SUBSTITUTE('AOV INDOFLAZ'!G5,"Rp. ",""),".","")),'AOV INDOFLAZ'!G5) -> 92820 | I21: AOV OURA STORE | J21: ='AOV OURA STORE'!A10 -> 97838 | M21: =COUNT(J21:L21) -> 1 | N21: =IF(M21>0,"Ada","Tidak Ada") -> Ada | O21: =IF(M21>0,MIN(J21:L21),"-") -> 97838 | P21: =IF(M21>0,AVERAGE(J21:L21),"-") -> 97838 | Q21: =IF(M21>0,O21-G21,"-") -> 4108 | R21: =IF(M21>0,IFERROR(Q21/O21,"-"),"-") -> 0.041987776 | S21: =IF(M21>0,ROUND(MAX(G21*1.08,O21*0.97)/100,0)*100,ROUND(G21*1.12/100,0)*100) -> 101200 | T21: =IFERROR((S21-G21)/S21,"-") -> 0.073814229
A22: Arena Of Valor | B22: AOV600-S11 | C22: 600 Vouchers | D22: AOV INDOFLAZ | E22: 600 | F22: =IFERROR(VALUE(SUBSTITUTE(SUBSTITUTE('AOV INDOFLAZ'!E6,"Rp. ",""),".","")),'AOV INDOFLAZ'!E6) -> 123032 | G22: =IFERROR(VALUE(SUBSTITUTE(SUBSTITUTE('AOV INDOFLAZ'!F6,"Rp. ",""),".","")),'AOV INDOFLAZ'!F6) -> 121849 | H22: =IFERROR(VALUE(SUBSTITUTE(SUBSTITUTE('AOV INDOFLAZ'!G6,"Rp. ",""),".","")),'AOV INDOFLAZ'!G6) -> 120666 | I22: - | M22: =COUNT(J22:L22) -> 0 | N22: =IF(M22>0,"Ada","Tidak Ada") -> Tidak Ada | O22: =IF(M22>0,MIN(J22:L22),"-") -> - | P22: =IF(M22>0,AVERAGE(J22:L22),"-") -> - | Q22: =IF(M22>0,O22-G22,"-") -> - | R22: =IF(M22>0,IFERROR(Q22/O22,"-"),"-") -> - | S22: =IF(M22>0,ROUND(MAX(G22*1.08,O22*0.97)/100,0)*100,ROUND(G22*1.12/100,0)*100) -> 136500 | T22: =IFERROR((S22-G22)/S22,"-") -> 0.10733333
A23: Arena Of Valor | B23: AOV700-S11 | C23: 700 Vouchers | D23: AOV INDOFLAZ | E23: 700 | F23: =IFERROR(VALUE(SUBSTITUTE(SUBSTITUTE('AOV INDOFLAZ'!E7,"Rp. ",""),".","")),'AOV INDOFLAZ'!E7) -> 141960 | G23: =IFERROR(VALUE(SUBSTITUTE(SUBSTITUTE('AOV INDOFLAZ'!F7,"Rp. ",""),".","")),'AOV INDOFLAZ'!F7) -> 140595 | H23: =IFERROR(VALUE(SUBSTITUTE(SUBSTITUTE('AOV INDOFLAZ'!G7,"Rp. ",""),".","")),'AOV INDOFLAZ'!G7) -> 139230 | I23: - | M23: =COUNT(J23:L23) -> 0 | N23: =IF(M23>0,"Ada","Tidak Ada") -> Tidak Ada | O23: =IF(M23>0,MIN(J23:L23),"-") -> - | P23: =IF(M23>0,AVERAGE(J23:L23),"-") -> - | Q23: =IF(M23>0,O23-G23,"-") -> - | R23: =IF(M23>0,IFERROR(Q23/O23,"-"),"-") -> - | S23: =IF(M23>0,ROUND(MAX(G23*1.08,O23*0.97)/100,0)*100,ROUND(G23*1.12/100,0)*100) -> 157500 | T23: =IFERROR((S23-G23)/S23,"-") -> 0.10733333
A24: Arena Of Valor | B24: AOV950-S11 | C24: 950 Vouchers | D24: AOV INDOFLAZ | E24: 950 | F24: =IFERROR(VALUE(SUBSTITUTE(SUBSTITUTE('AOV INDOFLAZ'!E8,"Rp. ",""),".","")),'AOV INDOFLAZ'!E8) -> 189280 | G24: =IFERROR(VALUE(SUBSTITUTE(SUBSTITUTE('AOV INDOFLAZ'!F8,"Rp. ",""),".","")),'AOV INDOFLAZ'!F8) -> 187460 | H24: =IFERROR(VALUE(SUBSTITUTE(SUBSTITUTE('AOV INDOFLAZ'!G8,"Rp. ",""),".","")),'AOV INDOFLAZ'!G8) -> 185640 | I24: AOV OURA STORE | J24: ='AOV OURA STORE'!A12 -> 195674 | M24: =COUNT(J24:L24) -> 1 | N24: =IF(M24>0,"Ada","Tidak Ada") -> Ada | O24: =IF(M24>0,MIN(J24:L24),"-") -> 195674 | P24: =IF(M24>0,AVERAGE(J24:L24),"-") -> 195674 | Q24: =IF(M24>0,O24-G24,"-") -> 8214 | R24: =IF(M24>0,IFERROR(Q24/O24,"-"),"-") -> 0.041977984 | S24: =IF(M24>0,ROUND(MAX(G24*1.08,O24*0.97)/100,0)*100,ROUND(G24*1.12/100,0)*100) -> 202500 | T24: =IFERROR((S24-G24)/S24,"-") -> 0.074271605
A25: Arena Of Valor | B25: AOV1030-S11 | C25: 1030 Vouchers | D25: AOV INDOFLAZ | E25: 1030 | F25: =IFERROR(VALUE(SUBSTITUTE(SUBSTITUTE('AOV INDOFLAZ'!E9,"Rp. ",""),".","")),'AOV INDOFLAZ'!E9) -> 208208 | G25: =IFERROR(VALUE(SUBSTITUTE(SUBSTITUTE('AOV INDOFLAZ'!F9,"Rp. ",""),".","")),'AOV INDOFLAZ'!F9) -> 206206 | H25: =IFERROR(VALUE(SUBSTITUTE(SUBSTITUTE('AOV INDOFLAZ'!G9,"Rp. ",""),".","")),'AOV INDOFLAZ'!G9) -> 204204 | I25: - | M25: =COUNT(J25:L25) -> 0 | N25: =IF(M25>0,"Ada","Tidak Ada") -> Tidak Ada | O25: =IF(M25>0,MIN(J25:L25),"-") -> - | P25: =IF(M25>0,AVERAGE(J25:L25),"-") -> - | Q25: =IF(M25>0,O25-G25,"-") -> - | R25: =IF(M25>0,IFERROR(Q25/O25,"-"),"-") -> - | S25: =IF(M25>0,ROUND(MAX(G25*1.08,O25*0.97)/100,0)*100,ROUND(G25*1.12/100,0)*100) -> 231000 | T25: =IFERROR((S25-G25)/S25,"-") -> 0.10733333
A26: Arena Of Valor | B26: AOV1420-S11 | C26: 1420 Vouchers | D26: AOV INDOFLAZ | E26: 1420 | F26: =IFERROR(VALUE(SUBSTITUTE(SUBSTITUTE('AOV INDOFLAZ'!E10,"Rp. ",""),".","")),'AOV INDOFLAZ'!E10) -> 283920 | G26: =IFERROR(VALUE(SUBSTITUTE(SUBSTITUTE('AOV INDOFLAZ'!F10,"Rp. ",""),".","")),'AOV INDOFLAZ'!F10) -> 281190 | H26: =IFERROR(VALUE(SUBSTITUTE(SUBSTITUTE('AOV INDOFLAZ'!G10,"Rp. ",""),".","")),'AOV INDOFLAZ'!G10) -> 278460 | I26: - | M26: =COUNT(J26:L26) -> 0 | N26: =IF(M26>0,"Ada","Tidak Ada") -> Tidak Ada | O26: =IF(M26>0,MIN(J26:L26),"-") -> - | P26: =IF(M26>0,AVERAGE(J26:L26),"-") -> - | Q26: =IF(M26>0,O26-G26,"-") -> - | R26: =IF(M26>0,IFERROR(Q26/O26,"-"),"-") -> - | S26: =IF(M26>0,ROUND(MAX(G26*1.08,O26*0.97)/100,0)*100,ROUND(G26*1.12/100,0)*100) -> 314900 | T26: =IFERROR((S26-G26)/S26,"-") -> 0.10704986
A27: Arena Of Valor | B27: AOV1430-S11 | C27: 1430 Vouchers | D27: AOV INDOFLAZ | E27: 1430 | F27: =IFERROR(VALUE(SUBSTITUTE(SUBSTITUTE('AOV INDOFLAZ'!E11,"Rp. ",""),".","")),'AOV INDOFLAZ'!E11) -> 283920 | G27: =IFERROR(VALUE(SUBSTITUTE(SUBSTITUTE('AOV INDOFLAZ'!F11,"Rp. ",""),".","")),'AOV INDOFLAZ'!F11) -> 281190 | H27: =IFERROR(VALUE(SUBSTITUTE(SUBSTITUTE('AOV INDOFLAZ'!G11,"Rp. ",""),".","")),'AOV INDOFLAZ'!G11) -> 278460 | I27: AOV OURA STORE | J27: ='AOV OURA STORE'!A14 -> 293511 | M27: =COUNT(J27:L27) -> 1 | N27: =IF(M27>0,"Ada","Tidak Ada") -> Ada | O27: =IF(M27>0,MIN(J27:L27),"-") -> 293511 | P27: =IF(M27>0,AVERAGE(J27:L27),"-") -> 293511 | Q27: =IF(M27>0,O27-G27,"-") -> 12321 | R27: =IF(M27>0,IFERROR(Q27/O27,"-"),"-") -> 0.041977984 | S27: =IF(M27>0,ROUND(MAX(G27*1.08,O27*0.97)/100,0)*100,ROUND(G27*1.12/100,0)*100) -> 303700 | T27: =IFERROR((S27-G27)/S27,"-") -> 0.074119197
A28: Arena Of Valor | B28: AOV1440-S11 | C28: 1440 Vouchers | D28: AOV INDOFLAZ | E28: 1440 | F28: =IFERROR(VALUE(SUBSTITUTE(SUBSTITUTE('AOV INDOFLAZ'!E12,"Rp. ",""),".","")),'AOV INDOFLAZ'!E12) -> 293384 | G28: =IFERROR(VALUE(SUBSTITUTE(SUBSTITUTE('AOV INDOFLAZ'!F12,"Rp. ",""),".","")),'AOV INDOFLAZ'!F12) -> 290563 | H28: =IFERROR(VALUE(SUBSTITUTE(SUBSTITUTE('AOV INDOFLAZ'!G12,"Rp. ",""),".","")),'AOV INDOFLAZ'!G12) -> 287742 | I28: - | M28: =COUNT(J28:L28) -> 0 | N28: =IF(M28>0,"Ada","Tidak Ada") -> Tidak Ada | O28: =IF(M28>0,MIN(J28:L28),"-") -> - | P28: =IF(M28>0,AVERAGE(J28:L28),"-") -> - | Q28: =IF(M28>0,O28-G28,"-") -> - | R28: =IF(M28>0,IFERROR(Q28/O28,"-"),"-") -> - | S28: =IF(M28>0,ROUND(MAX(G28*1.08,O28*0.97)/100,0)*100,ROUND(G28*1.12/100,0)*100) -> 325400 | T28: =IFERROR((S28-G28)/S28,"-") -> 0.107059
A29: Arena Of Valor | B29: AOV2360-S11 | C29: 2360 Vouchers | D29: AOV INDOFLAZ | E29: 2360 | F29: =IFERROR(VALUE(SUBSTITUTE(SUBSTITUTE('AOV INDOFLAZ'!E13,"Rp. ",""),".","")),'AOV INDOFLAZ'!E13) -> 473200 | G29: =IFERROR(VALUE(SUBSTITUTE(SUBSTITUTE('AOV INDOFLAZ'!F13,"Rp. ",""),".","")),'AOV INDOFLAZ'!F13) -> 468650 | H29: =IFERROR(VALUE(SUBSTITUTE(SUBSTITUTE('AOV INDOFLAZ'!G13,"Rp. ",""),".","")),'AOV INDOFLAZ'!G13) -> 464100 | I29: - | M29: =COUNT(J29:L29) -> 0 | N29: =IF(M29>0,"Ada","Tidak Ada") -> Tidak Ada | O29: =IF(M29>0,MIN(J29:L29),"-") -> - | P29: =IF(M29>0,AVERAGE(J29:L29),"-") -> - | Q29: =IF(M29>0,O29-G29,"-") -> - | R29: =IF(M29>0,IFERROR(Q29/O29,"-"),"-") -> - | S29: =IF(M29>0,ROUND(MAX(G29*1.08,O29*0.97)/100,0)*100,ROUND(G29*1.12/100,0)*100) -> 524900 | T29: =IFERROR((S29-G29)/S29,"-") -> 0.10716327
A30: Arena Of Valor | B30: AOV2390-S11 | C30: 2390 Vouchers | D30: AOV INDOFLAZ | E30: 2390 | F30: =IFERROR(VALUE(SUBSTITUTE(SUBSTITUTE('AOV INDOFLAZ'!E14,"Rp. ",""),".","")),'AOV INDOFLAZ'!E14) -> 473200 | G30: =IFERROR(VALUE(SUBSTITUTE(SUBSTITUTE('AOV INDOFLAZ'!F14,"Rp. ",""),".","")),'AOV INDOFLAZ'!F14) -> 468650 | H30: =IFERROR(VALUE(SUBSTITUTE(SUBSTITUTE('AOV INDOFLAZ'!G14,"Rp. ",""),".","")),'AOV INDOFLAZ'!G14) -> 464100 | I30: AOV OURA STORE | J30: ='AOV OURA STORE'!A16 -> 489185 | M30: =COUNT(J30:L30) -> 1 | N30: =IF(M30>0,"Ada","Tidak Ada") -> Ada | O30: =IF(M30>0,MIN(J30:L30),"-") -> 489185 | P30: =IF(M30>0,AVERAGE(J30:L30),"-") -> 489185 | Q30: =IF(M30>0,O30-G30,"-") -> 20535 | R30: =IF(M30>0,IFERROR(Q30/O30,"-"),"-") -> 0.041977984 | S30: =IF(M30>0,ROUND(MAX(G30*1.08,O30*0.97)/100,0)*100,ROUND(G30*1.12/100,0)*100) -> 506100 | T30: =IFERROR((S30-G30)/S30,"-") -> 0.073997234
A31: Arena Of Valor | B31: AOV2400-S11 | C31: 2400 Vouchers | D31: AOV INDOFLAZ | E31: 2400 | F31: =IFERROR(VALUE(SUBSTITUTE(SUBSTITUTE('AOV INDOFLAZ'!E15,"Rp. ",""),".","")),'AOV INDOFLAZ'!E15) -> 482664 | G31: =IFERROR(VALUE(SUBSTITUTE(SUBSTITUTE('AOV INDOFLAZ'!F15,"Rp. ",""),".","")),'AOV INDOFLAZ'!F15) -> 478023 | H31: =IFERROR(VALUE(SUBSTITUTE(SUBSTITUTE('AOV INDOFLAZ'!G15,"Rp. ",""),".","")),'AOV INDOFLAZ'!G15) -> 473382 | I31: - | M31: =COUNT(J31:L31) -> 0 | N31: =IF(M31>0,"Ada","Tidak Ada") -> Tidak Ada | O31: =IF(M31>0,MIN(J31:L31),"-") -> - | P31: =IF(M31>0,AVERAGE(J31:L31),"-") -> - | Q31: =IF(M31>0,O31-G31,"-") -> - | R31: =IF(M31>0,IFERROR(Q31/O31,"-"),"-") -> - | S31: =IF(M31>0,ROUND(MAX(G31*1.08,O31*0.97)/100,0)*100,ROUND(G31*1.12/100,0)*100) -> 535400 | T31: =IFERROR((S31-G31)/S31,"-") -> 0.1071666
A32: Arena Of Valor | B32: AOV3300-S11 | C32: 3300 Vouchers | D32: AOV INDOFLAZ | E32: 3300 | F32: =IFERROR(VALUE(SUBSTITUTE(SUBSTITUTE('AOV INDOFLAZ'!E16,"Rp. ",""),".","")),'AOV INDOFLAZ'!E16) -> 662480 | G32: =IFERROR(VALUE(SUBSTITUTE(SUBSTITUTE('AOV INDOFLAZ'!F16,"Rp. ",""),".","")),'AOV INDOFLAZ'!F16) -> 656110 | H32: =IFERROR(VALUE(SUBSTITUTE(SUBSTITUTE('AOV INDOFLAZ'!G16,"Rp. ",""),".","")),'AOV INDOFLAZ'!G16) -> 649740 | I32: - | M32: =COUNT(J32:L32) -> 0 | N32: =IF(M32>0,"Ada","Tidak Ada") -> Tidak Ada | O32: =IF(M32>0,MIN(J32:L32),"-") -> - | P32: =IF(M32>0,AVERAGE(J32:L32),"-") -> - | Q32: =IF(M32>0,O32-G32,"-") -> - | R32: =IF(M32>0,IFERROR(Q32/O32,"-"),"-") -> - | S32: =IF(M32>0,ROUND(MAX(G32*1.08,O32*0.97)/100,0)*100,ROUND(G32*1.12/100,0)*100) -> 734800 | T32: =IFERROR((S32-G32)/S32,"-") -> 0.10709036
A33: Arena Of Valor | B33: AOV4810-S11 | C33: 4810 Vouchers | D33: AOV INDOFLAZ | E33: 4810 | F33: =IFERROR(VALUE(SUBSTITUTE(SUBSTITUTE('AOV INDOFLAZ'!E17,"Rp. ",""),".","")),'AOV INDOFLAZ'!E17) -> 965328 | G33: =IFERROR(VALUE(SUBSTITUTE(SUBSTITUTE('AOV INDOFLAZ'!F17,"Rp. ",""),".","")),'AOV INDOFLAZ'!F17) -> 956046 | H33: =IFERROR(VALUE(SUBSTITUTE(SUBSTITUTE('AOV INDOFLAZ'!G17,"Rp. ",""),".","")),'AOV INDOFLAZ'!G17) -> 946764 | I33: - | M33: =COUNT(J33:L33) -> 0 | N33: =IF(M33>0,"Ada","Tidak Ada") -> Tidak Ada | O33: =IF(M33>0,MIN(J33:L33),"-") -> - | P33: =IF(M33>0,AVERAGE(J33:L33),"-") -> - | Q33: =IF(M33>0,O33-G33,"-") -> - | R33: =IF(M33>0,IFERROR(Q33/O33,"-"),"-") -> - | S33: =IF(M33>0,ROUND(MAX(G33*1.08,O33*0.97)/100,0)*100,ROUND(G33*1.12/100,0)*100) -> 1070800 | T33: =IFERROR((S33-G33)/S33,"-") -> 0.1071666
A34: Arena Of Valor | B34: AOV7050-S11 | C34: 7050 Vouchers | D34: AOV INDOFLAZ | E34: 7050 | F34: =IFERROR(VALUE(SUBSTITUTE(SUBSTITUTE('AOV INDOFLAZ'!E18,"Rp. ",""),".","")),'AOV INDOFLAZ'!E18) -> 1410136 | G34: =IFERROR(VALUE(SUBSTITUTE(SUBSTITUTE('AOV INDOFLAZ'!F18,"Rp. ",""),".","")),'AOV INDOFLAZ'!F18) -> 1396577 | H34: =IFERROR(VALUE(SUBSTITUTE(SUBSTITUTE('AOV INDOFLAZ'!G18,"Rp. ",""),".","")),'AOV INDOFLAZ'!G18) -> 1383018 | I34: - | M34: =COUNT(J34:L34) -> 0 | N34: =IF(M34>0,"Ada","Tidak Ada") -> Tidak Ada | O34: =IF(M34>0,MIN(J34:L34),"-") -> - | P34: =IF(M34>0,AVERAGE(J34:L34),"-") -> - | Q34: =IF(M34>0,O34-G34,"-") -> - | R34: =IF(M34>0,IFERROR(Q34/O34,"-"),"-") -> - | S34: =IF(M34>0,ROUND(MAX(G34*1.08,O34*0.97)/100,0)*100,ROUND(G34*1.12/100,0)*100) -> 1564200 | T34: =IFERROR((S34-G34)/S34,"-") -> 0.10716213
A35: Arena Of Valor | B35: AOV9420-S11 | C35: 9420 Vouchers | D35: AOV INDOFLAZ | E35: 9420 | F35: =IFERROR(VALUE(SUBSTITUTE(SUBSTITUTE('AOV INDOFLAZ'!E19,"Rp. ",""),".","")),'AOV INDOFLAZ'!E19) -> 1883336 | G35: =IFERROR(VALUE(SUBSTITUTE(SUBSTITUTE('AOV INDOFLAZ'!F19,"Rp. ",""),".","")),'AOV INDOFLAZ'!F19) -> 1865227 | H35: =IFERROR(VALUE(SUBSTITUTE(SUBSTITUTE('AOV INDOFLAZ'!G19,"Rp. ",""),".","")),'AOV INDOFLAZ'!G19) -> 1847118 | I35: - | M35: =COUNT(J35:L35) -> 0 | N35: =IF(M35>0,"Ada","Tidak Ada") -> Tidak Ada | O35: =IF(M35>0,MIN(J35:L35),"-") -> - | P35: =IF(M35>0,AVERAGE(J35:L35),"-") -> - | Q35: =IF(M35>0,O35-G35,"-") -> - | R35: =IF(M35>0,IFERROR(Q35/O35,"-"),"-") -> - | S35: =IF(M35>0,ROUND(MAX(G35*1.08,O35*0.97)/100,0)*100,ROUND(G35*1.12/100,0)*100) -> 2089100 | T35: =IFERROR((S35-G35)/S35,"-") -> 0.10716241
A36: Harry Potter: Magic Awakened | B36: HP1980-S11 | C36: 1980 + 380 Jewels | D36: Harry Potter Magic Awakened IND | E36: 1980 | F36: =IFERROR(VALUE(SUBSTITUTE(SUBSTITUTE('Harry Potter Magic Awakened IND'!E2,"Rp. ",""),".","")),'Harry Potter Magic Awakened IND'!E2) -> 365142 | G36: =IFERROR(VALUE(SUBSTITUTE(SUBSTITUTE('Harry Potter Magic Awakened IND'!F2,"Rp. ",""),".","")),'Harry Potter Magic Awakened IND'!F2) -> 361562 | H36: =IFERROR(VALUE(SUBSTITUTE(SUBSTITUTE('Harry Potter Magic Awakened IND'!G2,"Rp. ",""),".","")),'Harry Potter Magic Awakened IND'!G2) -> 359772 | I36: - | M36: =COUNT(J36:L36) -> 0 | N36: =IF(M36>0,"Ada","Tidak Ada") -> Tidak Ada | O36: =IF(M36>0,MIN(J36:L36),"-") -> - | P36: =IF(M36>0,AVERAGE(J36:L36),"-") -> - | Q36: =IF(M36>0,O36-G36,"-") -> - | R36: =IF(M36>0,IFERROR(Q36/O36,"-"),"-") -> - | S36: =IF(M36>0,ROUND(MAX(G36*1.08,O36*0.97)/100,0)*100,ROUND(G36*1.12/100,0)*100) -> 404900 | T36: =IFERROR((S36-G36)/S36,"-") -> 0.10703384
A37: Hago | B37: HAGO6-S7 | C37: 6 Diamonds | D37: HAGO INDOFLAZ | E37: 6 | F37: =IFERROR(VALUE(SUBSTITUTE(SUBSTITUTE('HAGO INDOFLAZ'!E2,"Rp. ",""),".","")),'HAGO INDOFLAZ'!E2) -> 2028 | G37: =IFERROR(VALUE(SUBSTITUTE(SUBSTITUTE('HAGO INDOFLAZ'!F2,"Rp. ",""),".","")),'HAGO INDOFLAZ'!F2) -> 1989 | H37: =IFERROR(VALUE(SUBSTITUTE(SUBSTITUTE('HAGO INDOFLAZ'!G2,"Rp. ",""),".","")),'HAGO INDOFLAZ'!G2) -> 1960 | I37: - | M37: =COUNT(J37:L37) -> 0 | N37: =IF(M37>0,"Ada","Tidak Ada") -> Tidak Ada | O37: =IF(M37>0,MIN(J37:L37),"-") -> - | P37: =IF(M37>0,AVERAGE(J37:L37),"-") -> - | Q37: =IF(M37>0,O37-G37,"-") -> - | R37: =IF(M37>0,IFERROR(Q37/O37,"-"),"-") -> - | S37: =IF(M37>0,ROUND(MAX(G37*1.08,O37*0.97)/100,0)*100,ROUND(G37*1.12/100,0)*100) -> 2200 | T37: =IFERROR((S37-G37)/S37,"-") -> 0.095909091
A38: Hago | B38: HAGO46-S7 | C38: 46 Diamonds | D38: HAGO INDOFLAZ | E38: 46 | F38: =IFERROR(VALUE(SUBSTITUTE(SUBSTITUTE('HAGO INDOFLAZ'!E3,"Rp. ",""),".","")),'HAGO INDOFLAZ'!E3) -> 15443 | G38: =IFERROR(VALUE(SUBSTITUTE(SUBSTITUTE('HAGO INDOFLAZ'!F3,"Rp. ",""),".","")),'HAGO INDOFLAZ'!F3) -> 15146 | H38: =IFERROR(VALUE(SUBSTITUTE(SUBSTITUTE('HAGO INDOFLAZ'!G3,"Rp. ",""),".","")),'HAGO INDOFLAZ'!G3) -> 14924 | I38: - | M38: =COUNT(J38:L38) -> 0 | N38: =IF(M38>0,"Ada","Tidak Ada") -> Tidak Ada | O38: =IF(M38>0,MIN(J38:L38),"-") -> - | P38: =IF(M38>0,AVERAGE(J38:L38),"-") -> - | Q38: =IF(M38>0,O38-G38,"-") -> - | R38: =IF(M38>0,IFERROR(Q38/O38,"-"),"-") -> - | S38: =IF(M38>0,ROUND(MAX(G38*1.08,O38*0.97)/100,0)*100,ROUND(G38*1.12/100,0)*100) -> 17000 | T38: =IFERROR((S38-G38)/S38,"-") -> 0.10905882
A39: Hago | B39: HAGO91-S7 | C39: 91 Diamonds | D39: HAGO INDOFLAZ | E39: 91 | F39: =IFERROR(VALUE(SUBSTITUTE(SUBSTITUTE('HAGO INDOFLAZ'!E4,"Rp. ",""),".","")),'HAGO INDOFLAZ'!E4) -> 30885 | G39: =IFERROR(VALUE(SUBSTITUTE(SUBSTITUTE('HAGO INDOFLAZ'!F4,"Rp. ",""),".","")),'HAGO INDOFLAZ'!F4) -> 30291 | H39: =IFERROR(VALUE(SUBSTITUTE(SUBSTITUTE('HAGO INDOFLAZ'!G4,"Rp. ",""),".","")),'HAGO INDOFLAZ'!G4) -> 29846 | I39: - | M39: =COUNT(J39:L39) -> 0 | N39: =IF(M39>0,"Ada","Tidak Ada") -> Tidak Ada | O39: =IF(M39>0,MIN(J39:L39),"-") -> - | P39: =IF(M39>0,AVERAGE(J39:L39),"-") -> - | Q39: =IF(M39>0,O39-G39,"-") -> - | R39: =IF(M39>0,IFERROR(Q39/O39,"-"),"-") -> - | S39: =IF(M39>0,ROUND(MAX(G39*1.08,O39*0.97)/100,0)*100,ROUND(G39*1.12/100,0)*100) -> 33900 | T39: =IFERROR((S39-G39)/S39,"-") -> 0.10646018
A40: Hago | B40: HAGO228-S7 | C40: 228 Diamonds | D40: HAGO INDOFLAZ | E40: 228 | F40: =IFERROR(VALUE(SUBSTITUTE(SUBSTITUTE('HAGO INDOFLAZ'!E5,"Rp. ",""),".","")),'HAGO INDOFLAZ'!E5) -> 77213 | G40: =IFERROR(VALUE(SUBSTITUTE(SUBSTITUTE('HAGO INDOFLAZ'!F5,"Rp. ",""),".","")),'HAGO INDOFLAZ'!F5) -> 75728 | H40: =IFERROR(VALUE(SUBSTITUTE(SUBSTITUTE('HAGO INDOFLAZ'!G5,"Rp. ",""),".","")),'HAGO INDOFLAZ'!G5) -> 74615 | I40: - | M40: =COUNT(J40:L40) -> 0 | N40: =IF(M40>0,"Ada","Tidak Ada") -> Tidak Ada | O40: =IF(M40>0,MIN(J40:L40),"-") -> - | P40: =IF(M40>0,AVERAGE(J40:L40),"-") -> - | Q40: =IF(M40>0,O40-G40,"-") -> - | R40: =IF(M40>0,IFERROR(Q40/O40,"-"),"-") -> - | S40: =IF(M40>0,ROUND(MAX(G40*1.08,O40*0.97)/100,0)*100,ROUND(G40*1.12/100,0)*100) -> 84800 | T40: =IFERROR((S40-G40)/S40,"-") -> 0.10698113
A41: Hago | B41: HAGO381-S7 | C41: 381 Diamonds | D41: HAGO INDOFLAZ | E41: 381 | F41: =IFERROR(VALUE(SUBSTITUTE(SUBSTITUTE('HAGO INDOFLAZ'!E6,"Rp. ",""),".","")),'HAGO INDOFLAZ'!E6) -> 128688 | G41: =IFERROR(VALUE(SUBSTITUTE(SUBSTITUTE('HAGO INDOFLAZ'!F6,"Rp. ",""),".","")),'HAGO INDOFLAZ'!F6) -> 126213 | H41: =IFERROR(VALUE(SUBSTITUTE(SUBSTITUTE('HAGO INDOFLAZ'!G6,"Rp. ",""),".","")),'HAGO INDOFLAZ'!G6) -> 124357 | I41: - | M41: =COUNT(J41:L41) -> 0 | N41: =IF(M41>0,"Ada","Tidak Ada") -> Tidak Ada | O41: =IF(M41>0,MIN(J41:L41),"-") -> - | P41: =IF(M41>0,AVERAGE(J41:L41),"-") -> - | Q41: =IF(M41>0,O41-G41,"-") -> - | R41: =IF(M41>0,IFERROR(Q41/O41,"-"),"-") -> - | S41: =IF(M41>0,ROUND(MAX(G41*1.08,O41*0.97)/100,0)*100,ROUND(G41*1.12/100,0)*100) -> 141400 | T41: =IFERROR((S41-G41)/S41,"-") -> 0.10740453
A42: Hago | B42: HAGO915-S7 | C42: 915 Diamonds | D42: HAGO INDOFLAZ | E42: 915 | F42: =IFERROR(VALUE(SUBSTITUTE(SUBSTITUTE('HAGO INDOFLAZ'!E7,"Rp. ",""),".","")),'HAGO INDOFLAZ'!E7) -> 308849 | G42: =IFERROR(VALUE(SUBSTITUTE(SUBSTITUTE('HAGO INDOFLAZ'!F7,"Rp. ",""),".","")),'HAGO INDOFLAZ'!F7) -> 302910 | H42: =IFERROR(VALUE(SUBSTITUTE(SUBSTITUTE('HAGO INDOFLAZ'!G7,"Rp. ",""),".","")),'HAGO INDOFLAZ'!G7) -> 298455 | I42: - | M42: =COUNT(J42:L42) -> 0 | N42: =IF(M42>0,"Ada","Tidak Ada") -> Tidak Ada | O42: =IF(M42>0,MIN(J42:L42),"-") -> - | P42: =IF(M42>0,AVERAGE(J42:L42),"-") -> - | Q42: =IF(M42>0,O42-G42,"-") -> - | R42: =IF(M42>0,IFERROR(Q42/O42,"-"),"-") -> - | S42: =IF(M42>0,ROUND(MAX(G42*1.08,O42*0.97)/100,0)*100,ROUND(G42*1.12/100,0)*100) -> 339300 | T42: =IFERROR((S42-G42)/S42,"-") -> 0.10725022
A43: Hago | B43: HAGO1680-S7 | C43: 1680 Diamonds | D43: HAGO INDOFLAZ | E43: 1680 | F43: =IFERROR(VALUE(SUBSTITUTE(SUBSTITUTE('HAGO INDOFLAZ'!E8,"Rp. ",""),".","")),'HAGO INDOFLAZ'!E8) -> 566224 | G43: =IFERROR(VALUE(SUBSTITUTE(SUBSTITUTE('HAGO INDOFLAZ'!F8,"Rp. ",""),".","")),'HAGO INDOFLAZ'!F8) -> 555335 | H43: =IFERROR(VALUE(SUBSTITUTE(SUBSTITUTE('HAGO INDOFLAZ'!G8,"Rp. ",""),".","")),'HAGO INDOFLAZ'!G8) -> 547169 | I43: - | M43: =COUNT(J43:L43) -> 0 | N43: =IF(M43>0,"Ada","Tidak Ada") -> Tidak Ada | O43: =IF(M43>0,MIN(J43:L43),"-") -> - | P43: =IF(M43>0,AVERAGE(J43:L43),"-") -> - | Q43: =IF(M43>0,O43-G43,"-") -> - | R43: =IF(M43>0,IFERROR(Q43/O43,"-"),"-") -> - | S43: =IF(M43>0,ROUND(MAX(G43*1.08,O43*0.97)/100,0)*100,ROUND(G43*1.12/100,0)*100) -> 622000 | T43: =IFERROR((S43-G43)/S43,"-") -> 0.10717846
A44: Hago | B44: HAGO3362-S7 | C44: 3362 Diamonds | D44: HAGO INDOFLAZ | E44: 3362 | F44: =IFERROR(VALUE(SUBSTITUTE(SUBSTITUTE('HAGO INDOFLAZ'!E9,"Rp. ",""),".","")),'HAGO INDOFLAZ'!E9) -> 1132447 | G44: =IFERROR(VALUE(SUBSTITUTE(SUBSTITUTE('HAGO INDOFLAZ'!F9,"Rp. ",""),".","")),'HAGO INDOFLAZ'!F9) -> 1110669 | H44: =IFERROR(VALUE(SUBSTITUTE(SUBSTITUTE('HAGO INDOFLAZ'!G9,"Rp. ",""),".","")),'HAGO INDOFLAZ'!G9) -> 1094336 | I44: - | M44: =COUNT(J44:L44) -> 0 | N44: =IF(M44>0,"Ada","Tidak Ada") -> Tidak Ada | O44: =IF(M44>0,MIN(J44:L44),"-") -> - | P44: =IF(M44>0,AVERAGE(J44:L44),"-") -> - | Q44: =IF(M44>0,O44-G44,"-") -> - | R44: =IF(M44>0,IFERROR(Q44/O44,"-"),"-") -> - | S44: =IF(M44>0,ROUND(MAX(G44*1.08,O44*0.97)/100,0)*100,ROUND(G44*1.12/100,0)*100) -> 1243900 | T44: =IFERROR((S44-G44)/S44,"-") -> 0.10710748
A45: Call Of Duty Mobile | B45: CODM128-S8 | C45: 128 CP | D45: Call Of Duty Mobile INDOFLAZ | E45: 128 | F45: =IFERROR(VALUE(SUBSTITUTE(SUBSTITUTE('Call Of Duty Mobile INDOFLAZ'!E2,"Rp. ",""),".","")),'Call Of Duty Mobile INDOFLAZ'!E2) -> 17899 | G45: =IFERROR(VALUE(SUBSTITUTE(SUBSTITUTE('Call Of Duty Mobile INDOFLAZ'!F2,"Rp. ",""),".","")),'Call Of Duty Mobile INDOFLAZ'!F2) -> 17727 | H45: =IFERROR(VALUE(SUBSTITUTE(SUBSTITUTE('Call Of Duty Mobile INDOFLAZ'!G2,"Rp. ",""),".","")),'Call Of Duty Mobile INDOFLAZ'!G2) -> 17297 | I45: Call Of Duty Mobile OURA STORE | J45: ='Call Of Duty Mobile OURA STORE'!A8 -> 20011 | M45: =COUNT(J45:L45) -> 1 | N45: =IF(M45>0,"Ada","Tidak Ada") -> Ada | O45: =IF(M45>0,MIN(J45:L45),"-") -> 20011 | P45: =IF(M45>0,AVERAGE(J45:L45),"-") -> 20011 | Q45: =IF(M45>0,O45-G45,"-") -> 2284 | R45: =IF(M45>0,IFERROR(Q45/O45,"-"),"-") -> 0.11413722 | S45: =IF(M45>0,ROUND(MAX(G45*1.08,O45*0.97)/100,0)*100,ROUND(G45*1.12/100,0)*100) -> 19400 | T45: =IFERROR((S45-G45)/S45,"-") -> 0.086237113
A46: Call Of Duty Mobile | B46: CODM321-S8 | C46: 321 CP | D46: Call Of Duty Mobile INDOFLAZ | E46: 321 | F46: =IFERROR(VALUE(SUBSTITUTE(SUBSTITUTE('Call Of Duty Mobile INDOFLAZ'!E3,"Rp. ",""),".","")),'Call Of Duty Mobile INDOFLAZ'!E3) -> 47346 | G46: =IFERROR(VALUE(SUBSTITUTE(SUBSTITUTE('Call Of Duty Mobile INDOFLAZ'!F3,"Rp. ",""),".","")),'Call Of Duty Mobile INDOFLAZ'!F3) -> 46891 | H46: =IFERROR(VALUE(SUBSTITUTE(SUBSTITUTE('Call Of Duty Mobile INDOFLAZ'!G3,"Rp. ",""),".","")),'Call Of Duty Mobile INDOFLAZ'!G3) -> 45753 | I46: Call Of Duty Mobile OURA STORE | J46: ='Call Of Duty Mobile OURA STORE'!A10 -> 50025 | M46: =COUNT(J46:L46) -> 1 | N46: =IF(M46>0,"Ada","Tidak Ada") -> Ada | O46: =IF(M46>0,MIN(J46:L46),"-") -> 50025 | P46: =IF(M46>0,AVERAGE(J46:L46),"-") -> 50025 | Q46: =IF(M46>0,O46-G46,"-") -> 3134 | R46: =IF(M46>0,IFERROR(Q46/O46,"-"),"-") -> 0.062648676 | S46: =IF(M46>0,ROUND(MAX(G46*1.08,O46*0.97)/100,0)*100,ROUND(G46*1.12/100,0)*100) -> 50600 | T46: =IFERROR((S46-G46)/S46,"-") -> 0.073300395
A47: Call Of Duty Mobile | B47: CODM528-S8 | C47: 528 CP | D47: Call Of Duty Mobile INDOFLAZ | E47: 528 | F47: =IFERROR(VALUE(SUBSTITUTE(SUBSTITUTE('Call Of Duty Mobile INDOFLAZ'!E4,"Rp. ",""),".","")),'Call Of Duty Mobile INDOFLAZ'!E4) -> 94822 | G47: =IFERROR(VALUE(SUBSTITUTE(SUBSTITUTE('Call Of Duty Mobile INDOFLAZ'!F4,"Rp. ",""),".","")),'Call Of Duty Mobile INDOFLAZ'!F4) -> 93911 | H47: =IFERROR(VALUE(SUBSTITUTE(SUBSTITUTE('Call Of Duty Mobile INDOFLAZ'!G4,"Rp. ",""),".","")),'Call Of Duty Mobile INDOFLAZ'!G4) -> 91631 | I47: - | M47: =COUNT(J47:L47) -> 0 | N47: =IF(M47>0,"Ada","Tidak Ada") -> Tidak Ada | O47: =IF(M47>0,MIN(J47:L47),"-") -> - | P47: =IF(M47>0,AVERAGE(J47:L47),"-") -> - | Q47: =IF(M47>0,O47-G47,"-") -> - | R47: =IF(M47>0,IFERROR(Q47/O47,"-"),"-") -> - | S47: =IF(M47>0,ROUND(MAX(G47*1.08,O47*0.97)/100,0)*100,ROUND(G47*1.12/100,0)*100) -> 105200 | T47: =IFERROR((S47-G47)/S47,"-") -> 0.10730989
A48: Call Of Duty Mobile | B48: CODM1056-S8 | C48: 1056 CP | D48: Call Of Duty Mobile INDOFLAZ | E48: 1056 | F48: =IFERROR(VALUE(SUBSTITUTE(SUBSTITUTE('Call Of Duty Mobile INDOFLAZ'!E5,"Rp. ",""),".","")),'Call Of Duty Mobile INDOFLAZ'!E5) -> 197522 | G48: =IFERROR(VALUE(SUBSTITUTE(SUBSTITUTE('Call Of Duty Mobile INDOFLAZ'!F5,"Rp. ",""),".","")),'Call Of Duty Mobile INDOFLAZ'!F5) -> 195623 | H48: =IFERROR(VALUE(SUBSTITUTE(SUBSTITUTE('Call Of Duty Mobile INDOFLAZ'!G5,"Rp. ",""),".","")),'Call Of Duty Mobile INDOFLAZ'!G5) -> 190875 | I48: - | M48: =COUNT(J48:L48) -> 0 | N48: =IF(M48>0,"Ada","Tidak Ada") -> Tidak Ada | O48: =IF(M48>0,MIN(J48:L48),"-") -> - | P48: =IF(M48>0,AVERAGE(J48:L48),"-") -> - | Q48: =IF(M48>0,O48-G48,"-") -> - | R48: =IF(M48>0,IFERROR(Q48/O48,"-"),"-") -> - | S48: =IF(M48>0,ROUND(MAX(G48*1.08,O48*0.97)/100,0)*100,ROUND(G48*1.12/100,0)*100) -> 219100 | T48: =IFERROR((S48-G48)/S48,"-") -> 0.10715199
A49: Call Of Duty Mobile | B49: CODM1584-S8 | C49: 1584 CP | D49: Call Of Duty Mobile INDOFLAZ | E49: 1584 | F49: =IFERROR(VALUE(SUBSTITUTE(SUBSTITUTE('Call Of Duty Mobile INDOFLAZ'!E6,"Rp. ",""),".","")),'Call Of Duty Mobile INDOFLAZ'!E6) -> 273026 | G49: =IFERROR(VALUE(SUBSTITUTE(SUBSTITUTE('Call Of Duty Mobile INDOFLAZ'!F6,"Rp. ",""),".","")),'Call Of Duty Mobile INDOFLAZ'!F6) -> 270401 | H49: =IFERROR(VALUE(SUBSTITUTE(SUBSTITUTE('Call Of Duty Mobile INDOFLAZ'!G6,"Rp. ",""),".","")),'Call Of Duty Mobile INDOFLAZ'!G6) -> 263838 | I49: - | M49: =COUNT(J49:L49) -> 0 | N49: =IF(M49>0,"Ada","Tidak Ada") -> Tidak Ada | O49: =IF(M49>0,MIN(J49:L49),"-") -> - | P49: =IF(M49>0,AVERAGE(J49:L49),"-") -> - | Q49: =IF(M49>0,O49-G49,"-") -> - | R49: =IF(M49>0,IFERROR(Q49/O49,"-"),"-") -> - | S49: =IF(M49>0,ROUND(MAX(G49*1.08,O49*0.97)/100,0)*100,ROUND(G49*1.12/100,0)*100) -> 302800 | T49: =IFERROR((S49-G49)/S49,"-") -> 0.10699802
A50: Call Of Duty Mobile | B50: CODM2059-S8 | C50: 2059 CP | D50: Call Of Duty Mobile INDOFLAZ | E50: 2059 | F50: =IFERROR(VALUE(SUBSTITUTE(SUBSTITUTE('Call Of Duty Mobile INDOFLAZ'!E7,"Rp. ",""),".","")),'Call Of Duty Mobile INDOFLAZ'!E7) -> 278608 | G50: =IFERROR(VALUE(SUBSTITUTE(SUBSTITUTE('Call Of Duty Mobile INDOFLAZ'!F7,"Rp. ",""),".","")),'Call Of Duty Mobile INDOFLAZ'!F7) -> 275929 | H50: =IFERROR(VALUE(SUBSTITUTE(SUBSTITUTE('Call Of Duty Mobile INDOFLAZ'!G7,"Rp. ",""),".","")),'Call Of Duty Mobile INDOFLAZ'!G7) -> 269232 | I50: - | M50: =COUNT(J50:L50) -> 0 | N50: =IF(M50>0,"Ada","Tidak Ada") -> Tidak Ada | O50: =IF(M50>0,MIN(J50:L50),"-") -> - | P50: =IF(M50>0,AVERAGE(J50:L50),"-") -> - | Q50: =IF(M50>0,O50-G50,"-") -> - | R50: =IF(M50>0,IFERROR(Q50/O50,"-"),"-") -> - | S50: =IF(M50>0,ROUND(MAX(G50*1.08,O50*0.97)/100,0)*100,ROUND(G50*1.12/100,0)*100) -> 309000 | T50: =IFERROR((S50-G50)/S50,"-") -> 0.10702589
A51: Call Of Duty Mobile | B51: CODM38280-S8 | C51: 38280 CP | D51: Call Of Duty Mobile INDOFLAZ | E51: 38280 | F51: =IFERROR(VALUE(SUBSTITUTE(SUBSTITUTE('Call Of Duty Mobile INDOFLAZ'!E8,"Rp. ",""),".","")),'Call Of Duty Mobile INDOFLAZ'!E8) -> 4869878 | G51: =IFERROR(VALUE(SUBSTITUTE(SUBSTITUTE('Call Of Duty Mobile INDOFLAZ'!F8,"Rp. ",""),".","")),'Call Of Duty Mobile INDOFLAZ'!F8) -> 4823053 | H51: =IFERROR(VALUE(SUBSTITUTE(SUBSTITUTE('Call Of Duty Mobile INDOFLAZ'!G8,"Rp. ",""),".","")),'Call Of Duty Mobile INDOFLAZ'!G8) -> 4705988 | I51: Call Of Duty Mobile OURA STORE | J51: ='Call Of Duty Mobile OURA STORE'!A30 -> 5140575 | M51: =COUNT(J51:L51) -> 1 | N51: =IF(M51>0,"Ada","Tidak Ada") -> Ada | O51: =IF(M51>0,MIN(J51:L51),"-") -> 5140575 | P51: =IF(M51>0,AVERAGE(J51:L51),"-") -> 5140575 | Q51: =IF(M51>0,O51-G51,"-") -> 317522 | R51: =IF(M51>0,IFERROR(Q51/O51,"-"),"-") -> 0.061767798 | S51: =IF(M51>0,ROUND(MAX(G51*1.08,O51*0.97)/100,0)*100,ROUND(G51*1.12/100,0)*100) -> 5208900 | T51: =IFERROR((S51-G51)/S51,"-") -> 0.074074565
A52: Honkai : Star Rail | B52: HSTR32400-S11 | C52: 6480 + 1600 Oneiric Shard x 5 | D52: Honkai Star Rail INDOFLAZ | E52: 6480 | F52: =IFERROR(VALUE(SUBSTITUTE(SUBSTITUTE('Honkai Star Rail INDOFLAZ'!E2,"Rp. ",""),".","")),'Honkai Star Rail INDOFLAZ'!E2) -> 5790538 | G52: =IFERROR(VALUE(SUBSTITUTE(SUBSTITUTE('Honkai Star Rail INDOFLAZ'!F2,"Rp. ",""),".","")),'Honkai Star Rail INDOFLAZ'!F2) -> 5733768 | H52: =IFERROR(VALUE(SUBSTITUTE(SUBSTITUTE('Honkai Star Rail INDOFLAZ'!G2,"Rp. ",""),".","")),'Honkai Star Rail INDOFLAZ'!G2) -> 5705383 | I52: - | M52: =COUNT(J52:L52) -> 0 | N52: =IF(M52>0,"Ada","Tidak Ada") -> Tidak Ada | O52: =IF(M52>0,MIN(J52:L52),"-") -> - | P52: =IF(M52>0,AVERAGE(J52:L52),"-") -> - | Q52: =IF(M52>0,O52-G52,"-") -> - | R52: =IF(M52>0,IFERROR(Q52/O52,"-"),"-") -> - | S52: =IF(M52>0,ROUND(MAX(G52*1.08,O52*0.97)/100,0)*100,ROUND(G52*1.12/100,0)*100) -> 6421800 | T52: =IFERROR((S52-G52)/S52,"-") -> 0.10714005
A53: Mobile Legends | B53: ML3-S7 | C53: 3 Diamonds | D53: MLBB INDOFLAZ | E53: 3 | F53: =IFERROR(VALUE(SUBSTITUTE(SUBSTITUTE('MLBB INDOFLAZ'!E2,"Rp. ",""),".","")),'MLBB INDOFLAZ'!E2) -> 1030 | G53: =IFERROR(VALUE(SUBSTITUTE(SUBSTITUTE('MLBB INDOFLAZ'!F2,"Rp. ",""),".","")),'MLBB INDOFLAZ'!F2) -> 1020 | H53: =IFERROR(VALUE(SUBSTITUTE(SUBSTITUTE('MLBB INDOFLAZ'!G2,"Rp. ",""),".","")),'MLBB INDOFLAZ'!G2) -> 1010 | I53: MLBB EMPESHOP | J53: ='MLBB EMPESHOP'!A11 -> Rp 86.955,- | M53: =COUNT(J53:L53) -> 0 | N53: =IF(M53>0,"Ada","Tidak Ada") -> Tidak Ada | O53: =IF(M53>0,MIN(J53:L53),"-") -> - | P53: =IF(M53>0,AVERAGE(J53:L53),"-") -> - | Q53: =IF(M53>0,O53-G53,"-") -> - | R53: =IF(M53>0,IFERROR(Q53/O53,"-"),"-") -> - | S53: =IF(M53>0,ROUND(MAX(G53*1.08,O53*0.97)/100,0)*100,ROUND(G53*1.12/100,0)*100) -> 1100 | T53: =IFERROR((S53-G53)/S53,"-") -> 0.072727273
A54: Mobile Legends | B54: ML5-S7 | C54: 5 Diamonds | D54: MLBB INDOFLAZ | E54: 5 | F54: =IFERROR(VALUE(SUBSTITUTE(SUBSTITUTE('MLBB INDOFLAZ'!E3,"Rp. ",""),".","")),'MLBB INDOFLAZ'!E3) -> 1478 | G54: =IFERROR(VALUE(SUBSTITUTE(SUBSTITUTE('MLBB INDOFLAZ'!F3,"Rp. ",""),".","")),'MLBB INDOFLAZ'!F3) -> 1463 | H54: =IFERROR(VALUE(SUBSTITUTE(SUBSTITUTE('MLBB INDOFLAZ'!G3,"Rp. ",""),".","")),'MLBB INDOFLAZ'!G3) -> 1449 | I54: MLBB EMPESHOP, MLBB OURA STORE | J54: ='MLBB OURA STORE'!A4 -> 1530 | K54: ='MLBB EMPESHOP'!A8 -> Rp 144.924,- | M54: =COUNT(J54:L54) -> 1 | N54: =IF(M54>0,"Ada","Tidak Ada") -> Ada | O54: =IF(M54>0,MIN(J54:L54),"-") -> 1530 | P54: =IF(M54>0,AVERAGE(J54:L54),"-") -> 1530 | Q54: =IF(M54>0,O54-G54,"-") -> 67 | R54: =IF(M54>0,IFERROR(Q54/O54,"-"),"-") -> 0.04379085 | S54: =IF(M54>0,ROUND(MAX(G54*1.08,O54*0.97)/100,0)*100,ROUND(G54*1.12/100,0)*100) -> 1600 | T54: =IFERROR((S54-G54)/S54,"-") -> 0.085625
A55: Mobile Legends | B55: ML10-S7 | C55: 10 Diamonds (9 + 1 Bonus) | D55: MLBB INDOFLAZ | E55: 10 | F55: =IFERROR(VALUE(SUBSTITUTE(SUBSTITUTE('MLBB INDOFLAZ'!E4,"Rp. ",""),".","")),'MLBB INDOFLAZ'!E4) -> 2956 | G55: =IFERROR(VALUE(SUBSTITUTE(SUBSTITUTE('MLBB INDOFLAZ'!F4,"Rp. ",""),".","")),'MLBB INDOFLAZ'!F4) -> 2927 | H55: =IFERROR(VALUE(SUBSTITUTE(SUBSTITUTE('MLBB INDOFLAZ'!G4,"Rp. ",""),".","")),'MLBB INDOFLAZ'!G4) -> 2898 | I55: MLBB OURA STORE | J55: ='MLBB OURA STORE'!A6 -> 3111 | M55: =COUNT(J55:L55) -> 1 | N55: =IF(M55>0,"Ada","Tidak Ada") -> Ada | O55: =IF(M55>0,MIN(J55:L55),"-") -> 3111 | P55: =IF(M55>0,AVERAGE(J55:L55),"-") -> 3111 | Q55: =IF(M55>0,O55-G55,"-") -> 184 | R55: =IF(M55>0,IFERROR(Q55/O55,"-"),"-") -> 0.059144969 | S55: =IF(M55>0,ROUND(MAX(G55*1.08,O55*0.97)/100,0)*100,ROUND(G55*1.12/100,0)*100) -> 3200 | T55: =IFERROR((S55-G55)/S55,"-") -> 0.0853125
A56: Mobile Legends | B56: ML14-S7 | C56: 14 Diamonds (13 + 1 Bonus) | D56: MLBB INDOFLAZ | E56: 14 | F56: =IFERROR(VALUE(SUBSTITUTE(SUBSTITUTE('MLBB INDOFLAZ'!E5,"Rp. ",""),".","")),'MLBB INDOFLAZ'!E5) -> 3974 | G56: =IFERROR(VALUE(SUBSTITUTE(SUBSTITUTE('MLBB INDOFLAZ'!F5,"Rp. ",""),".","")),'MLBB INDOFLAZ'!F5) -> 3936 | H56: =IFERROR(VALUE(SUBSTITUTE(SUBSTITUTE('MLBB INDOFLAZ'!G5,"Rp. ",""),".","")),'MLBB INDOFLAZ'!G5) -> 3897 | I56: MLBB OURA STORE | J56: ='MLBB OURA STORE'!A10 -> 4148 | M56: =COUNT(J56:L56) -> 1 | N56: =IF(M56>0,"Ada","Tidak Ada") -> Ada | O56: =IF(M56>0,MIN(J56:L56),"-") -> 4148 | P56: =IF(M56>0,AVERAGE(J56:L56),"-") -> 4148 | Q56: =IF(M56>0,O56-G56,"-") -> 212 | R56: =IF(M56>0,IFERROR(Q56/O56,"-"),"-") -> 0.051108968 | S56: =IF(M56>0,ROUND(MAX(G56*1.08,O56*0.97)/100,0)*100,ROUND(G56*1.12/100,0)*100) -> 4300 | T56: =IFERROR((S56-G56)/S56,"-") -> 0.084651163
A57: Mobile Legends | B57: ML19-S7 | C57: 19 Diamonds (18 + 1 Bonus) | D57: MLBB INDOFLAZ | E57: 19 | F57: =IFERROR(VALUE(SUBSTITUTE(SUBSTITUTE('MLBB INDOFLAZ'!E6,"Rp. ",""),".","")),'MLBB INDOFLAZ'!E6) -> 5418 | G57: =IFERROR(VALUE(SUBSTITUTE(SUBSTITUTE('MLBB INDOFLAZ'!F6,"Rp. ",""),".","")),'MLBB INDOFLAZ'!F6) -> 5366 | H57: =IFERROR(VALUE(SUBSTITUTE(SUBSTITUTE('MLBB INDOFLAZ'!G6,"Rp. ",""),".","")),'MLBB INDOFLAZ'!G6) -> 5313 | I57: MLBB EMPESHOP, MLBB OURA STORE | J57: ='MLBB OURA STORE'!A18 -> 5606 | K57: ='MLBB EMPESHOP'!A20 -> Rp 5.548,- | M57: =COUNT(J57:L57) -> 1 | N57: =IF(M57>0,"Ada","Tidak Ada") -> Ada | O57: =IF(M57>0,MIN(J57:L57),"-") -> 5606 | P57: =IF(M57>0,AVERAGE(J57:L57),"-") -> 5606 | Q57: =IF(M57>0,O57-G57,"-") -> 240 | R57: =IF(M57>0,IFERROR(Q57/O57,"-"),"-") -> 0.042811274 | S57: =IF(M57>0,ROUND(MAX(G57*1.08,O57*0.97)/100,0)*100,ROUND(G57*1.12/100,0)*100) -> 5800 | T57: =IFERROR((S57-G57)/S57,"-") -> 0.074827586
A58: Mobile Legends | B58: ML36-S7 | C58: 36 Diamonds (33 + 3 Bonus) | D58: MLBB INDOFLAZ | E58: 36 | F58: =IFERROR(VALUE(SUBSTITUTE(SUBSTITUTE('MLBB INDOFLAZ'!E7,"Rp. ",""),".","")),'MLBB INDOFLAZ'!E7) -> 9935 | G58: =IFERROR(VALUE(SUBSTITUTE(SUBSTITUTE('MLBB INDOFLAZ'!F7,"Rp. ",""),".","")),'MLBB INDOFLAZ'!F7) -> 9838 | H58: =IFERROR(VALUE(SUBSTITUTE(SUBSTITUTE('MLBB INDOFLAZ'!G7,"Rp. ",""),".","")),'MLBB INDOFLAZ'!G7) -> 9742 | I58: MLBB OURA STORE | J58: ='MLBB OURA STORE'!A30 -> 10367 | M58: =COUNT(J58:L58) -> 1 | N58: =IF(M58>0,"Ada","Tidak Ada") -> Ada | O58: =IF(M58>0,MIN(J58:L58),"-") -> 10367 | P58: =IF(M58>0,AVERAGE(J58:L58),"-") -> 10367 | Q58: =IF(M58>0,O58-G58,"-") -> 529 | R58: =IF(M58>0,IFERROR(Q58/O58,"-"),"-") -> 0.051027298 | S58: =IF(M58>0,ROUND(MAX(G58*1.08,O58*0.97)/100,0)*100,ROUND(G58*1.12/100,0)*100) -> 10600 | T58: =IFERROR((S58-G58)/S58,"-") -> 0.071886792
A59: Mobile Legends | B59: ML46-S7 | C59: 46 Diamonds (42 + 4 Bonus) | D59: MLBB INDOFLAZ | E59: 46 | F59: =IFERROR(VALUE(SUBSTITUTE(SUBSTITUTE('MLBB INDOFLAZ'!E8,"Rp. ",""),".","")),'MLBB INDOFLAZ'!E8) -> 12889 | G59: =IFERROR(VALUE(SUBSTITUTE(SUBSTITUTE('MLBB INDOFLAZ'!F8,"Rp. ",""),".","")),'MLBB INDOFLAZ'!F8) -> 12764 | H59: =IFERROR(VALUE(SUBSTITUTE(SUBSTITUTE('MLBB INDOFLAZ'!G8,"Rp. ",""),".","")),'MLBB INDOFLAZ'!G8) -> 12639 | I59: MLBB OURA STORE | J59: ='MLBB OURA STORE'!A36 -> 13477 | M59: =COUNT(J59:L59) -> 1 | N59: =IF(M59>0,"Ada","Tidak Ada") -> Ada | O59: =IF(M59>0,MIN(J59:L59),"-") -> 13477 | P59: =IF(M59>0,AVERAGE(J59:L59),"-") -> 13477 | Q59: =IF(M59>0,O59-G59,"-") -> 713 | R59: =IF(M59>0,IFERROR(Q59/O59,"-"),"-") -> 0.052904949 | S59: =IF(M59>0,ROUND(MAX(G59*1.08,O59*0.97)/100,0)*100,ROUND(G59*1.12/100,0)*100) -> 13800 | T59: =IFERROR((S59-G59)/S59,"-") -> 0.075072464
A60: Mobile Legends | B60: ML54-S7 | C60: 54 Diamonds (50 + 4 Bonus) | D60: MLBB INDOFLAZ | E60: 54 | F60: =IFERROR(VALUE(SUBSTITUTE(SUBSTITUTE('MLBB INDOFLAZ'!E9,"Rp. ",""),".","")),'MLBB INDOFLAZ'!E9) -> 14902 | G60: =IFERROR(VALUE(SUBSTITUTE(SUBSTITUTE('MLBB INDOFLAZ'!F9,"Rp. ",""),".","")),'MLBB INDOFLAZ'!F9) -> 14757 | H60: =IFERROR(VALUE(SUBSTITUTE(SUBSTITUTE('MLBB INDOFLAZ'!G9,"Rp. ",""),".","")),'MLBB INDOFLAZ'!G9) -> 14612 | I60: MLBB OURA STORE | J60: ='MLBB OURA STORE'!A40 -> 15339 | M60: =COUNT(J60:L60) -> 1 | N60: =IF(M60>0,"Ada","Tidak Ada") -> Ada | O60: =IF(M60>0,MIN(J60:L60),"-") -> 15339 | P60: =IF(M60>0,AVERAGE(J60:L60),"-") -> 15339 | Q60: =IF(M60>0,O60-G60,"-") -> 582 | R60: =IF(M60>0,IFERROR(Q60/O60,"-"),"-") -> 0.0379425 | S60: =IF(M60>0,ROUND(MAX(G60*1.08,O60*0.97)/100,0)*100,ROUND(G60*1.12/100,0)*100) -> 15900 | T60: =IFERROR((S60-G60)/S60,"-") -> 0.071886792
A61: Mobile Legends | B61: ML71-S7 | C61: 71 Diamonds (64 + 7 Bonus) | D61: MLBB INDOFLAZ | E61: 71 | F61: =IFERROR(VALUE(SUBSTITUTE(SUBSTITUTE('MLBB INDOFLAZ'!E10,"Rp. ",""),".","")),'MLBB INDOFLAZ'!E10) -> 19211 | G61: =IFERROR(VALUE(SUBSTITUTE(SUBSTITUTE('MLBB INDOFLAZ'!F10,"Rp. ",""),".","")),'MLBB INDOFLAZ'!F10) -> 19025 | H61: =IFERROR(VALUE(SUBSTITUTE(SUBSTITUTE('MLBB INDOFLAZ'!G10,"Rp. ",""),".","")),'MLBB INDOFLAZ'!G10) -> 18838 | I61: MLBB OURA STORE | J61: ='MLBB OURA STORE'!A52 -> 19871 | M61: =COUNT(J61:L61) -> 1 | N61: =IF(M61>0,"Ada","Tidak Ada") -> Ada | O61: =IF(M61>0,MIN(J61:L61),"-") -> 19871 | P61: =IF(M61>0,AVERAGE(J61:L61),"-") -> 19871 | Q61: =IF(M61>0,O61-G61,"-") -> 846 | R61: =IF(M61>0,IFERROR(Q61/O61,"-"),"-") -> 0.042574606 | S61: =IF(M61>0,ROUND(MAX(G61*1.08,O61*0.97)/100,0)*100,ROUND(G61*1.12/100,0)*100) -> 20500 | T61: =IFERROR((S61-G61)/S61,"-") -> 0.07195122
A62: Mobile Legends | B62: ML74-S7 | C62: 74 Diamonds (67 + 7 Bonus) | D62: MLBB INDOFLAZ | E62: 74 | F62: =IFERROR(VALUE(SUBSTITUTE(SUBSTITUTE('MLBB INDOFLAZ'!E11,"Rp. ",""),".","")),'MLBB INDOFLAZ'!E11) -> 19867 | G62: =IFERROR(VALUE(SUBSTITUTE(SUBSTITUTE('MLBB INDOFLAZ'!F11,"Rp. ",""),".","")),'MLBB INDOFLAZ'!F11) -> 19674 | H62: =IFERROR(VALUE(SUBSTITUTE(SUBSTITUTE('MLBB INDOFLAZ'!G11,"Rp. ",""),".","")),'MLBB INDOFLAZ'!G11) -> 19481 | I62: MLBB OURA STORE | J62: ='MLBB OURA STORE'!A54 -> 20732 | M62: =COUNT(J62:L62) -> 1 | N62: =IF(M62>0,"Ada","Tidak Ada") -> Ada | O62: =IF(M62>0,MIN(J62:L62),"-") -> 20732 | P62: =IF(M62>0,AVERAGE(J62:L62),"-") -> 20732 | Q62: =IF(M62>0,O62-G62,"-") -> 1058 | R62: =IF(M62>0,IFERROR(Q62/O62,"-"),"-") -> 0.051032221 | S62: =IF(M62>0,ROUND(MAX(G62*1.08,O62*0.97)/100,0)*100,ROUND(G62*1.12/100,0)*100) -> 21200 | T62: =IFERROR((S62-G62)/S62,"-") -> 0.071981132
A63: Mobile Legends | B63: ML85-S7 | C63: 85 Diamonds (77 + 8 Bonus) | D63: MLBB INDOFLAZ | E63: 85 | F63: =IFERROR(VALUE(SUBSTITUTE(SUBSTITUTE('MLBB INDOFLAZ'!E12,"Rp. ",""),".","")),'MLBB INDOFLAZ'!E12) -> 22659 | G63: =IFERROR(VALUE(SUBSTITUTE(SUBSTITUTE('MLBB INDOFLAZ'!F12,"Rp. ",""),".","")),'MLBB INDOFLAZ'!F12) -> 22439 | H63: =IFERROR(VALUE(SUBSTITUTE(SUBSTITUTE('MLBB INDOFLAZ'!G12,"Rp. ",""),".","")),'MLBB INDOFLAZ'!G12) -> 22219 | I63: MLBB EMPESHOP, MLBB OURA STORE | J63: ='MLBB OURA STORE'!A60 -> 23439 | K63: ='MLBB EMPESHOP'!A26 -> Rp 23.217,- | M63: =COUNT(J63:L63) -> 1 | N63: =IF(M63>0,"Ada","Tidak Ada") -> Ada | O63: =IF(M63>0,MIN(J63:L63),"-") -> 23439 | P63: =IF(M63>0,AVERAGE(J63:L63),"-") -> 23439 | Q63: =IF(M63>0,O63-G63,"-") -> 1000 | R63: =IF(M63>0,IFERROR(Q63/O63,"-"),"-") -> 0.042663936 | S63: =IF(M63>0,ROUND(MAX(G63*1.08,O63*0.97)/100,0)*100,ROUND(G63*1.12/100,0)*100) -> 24200 | T63: =IFERROR((S63-G63)/S63,"-") -> 0.072768595
A64: Mobile Legends | B64: ML88-S7 | C64: 88 Diamonds (80 + 8 Bonus) | D64: MLBB INDOFLAZ | E64: 88 | F64: =IFERROR(VALUE(SUBSTITUTE(SUBSTITUTE('MLBB INDOFLAZ'!E13,"Rp. ",""),".","")),'MLBB INDOFLAZ'!E13) -> 23841 | G64: =IFERROR(VALUE(SUBSTITUTE(SUBSTITUTE('MLBB INDOFLAZ'!F13,"Rp. ",""),".","")),'MLBB INDOFLAZ'!F13) -> 23609 | H64: =IFERROR(VALUE(SUBSTITUTE(SUBSTITUTE('MLBB INDOFLAZ'!G13,"Rp. ",""),".","")),'MLBB INDOFLAZ'!G13) -> 23378 | I64: MLBB OURA STORE | J64: ='MLBB OURA STORE'!A62 -> 24879 | M64: =COUNT(J64:L64) -> 1 | N64: =IF(M64>0,"Ada","Tidak Ada") -> Ada | O64: =IF(M64>0,MIN(J64:L64),"-") -> 24879 | P64: =IF(M64>0,AVERAGE(J64:L64),"-") -> 24879 | Q64: =IF(M64>0,O64-G64,"-") -> 1270 | R64: =IF(M64>0,IFERROR(Q64/O64,"-"),"-") -> 0.051047068 | S64: =IF(M64>0,ROUND(MAX(G64*1.08,O64*0.97)/100,0)*100,ROUND(G64*1.12/100,0)*100) -> 25500 | T64: =IFERROR((S64-G64)/S64,"-") -> 0.074156863
A65: Mobile Legends | B65: MLWDP-S7 | C65: Weekly Diamond Pass murah | D65: MLBB INDOFLAZ | F65: =IFERROR(VALUE(SUBSTITUTE(SUBSTITUTE('MLBB INDOFLAZ'!E14,"Rp. ",""),".","")),'MLBB INDOFLAZ'!E14) -> 27650 | G65: =IFERROR(VALUE(SUBSTITUTE(SUBSTITUTE('MLBB INDOFLAZ'!F14,"Rp. ",""),".","")),'MLBB INDOFLAZ'!F14) -> 27600 | H65: =IFERROR(VALUE(SUBSTITUTE(SUBSTITUTE('MLBB INDOFLAZ'!G14,"Rp. ",""),".","")),'MLBB INDOFLAZ'!G14) -> 27500 | I65: - | M65: =COUNT(J65:L65) -> 0 | N65: =IF(M65>0,"Ada","Tidak Ada") -> Tidak Ada | O65: =IF(M65>0,MIN(J65:L65),"-") -> - | P65: =IF(M65>0,AVERAGE(J65:L65),"-") -> - | Q65: =IF(M65>0,O65-G65,"-") -> - | R65: =IF(M65>0,IFERROR(Q65/O65,"-"),"-") -> - | S65: =IF(M65>0,ROUND(MAX(G65*1.08,O65*0.97)/100,0)*100,ROUND(G65*1.12/100,0)*100) -> 30900 | T65: =IFERROR((S65-G65)/S65,"-") -> 0.10679612
A66: Mobile Legends | B66: ML110-S7 | C66: 110 Diamonds (100 + 10 Bonus) | D66: MLBB INDOFLAZ | E66: 110 | F66: =IFERROR(VALUE(SUBSTITUTE(SUBSTITUTE('MLBB INDOFLAZ'!E15,"Rp. ",""),".","")),'MLBB INDOFLAZ'!E15) -> 29801 | G66: =IFERROR(VALUE(SUBSTITUTE(SUBSTITUTE('MLBB INDOFLAZ'!F15,"Rp. ",""),".","")),'MLBB INDOFLAZ'!F15) -> 29512 | H66: =IFERROR(VALUE(SUBSTITUTE(SUBSTITUTE('MLBB INDOFLAZ'!G15,"Rp. ",""),".","")),'MLBB INDOFLAZ'!G15) -> 29223 | I66: MLBB OURA STORE | J66: ='MLBB OURA STORE'!A72 -> 31098 | M66: =COUNT(J66:L66) -> 1 | N66: =IF(M66>0,"Ada","Tidak Ada") -> Ada | O66: =IF(M66>0,MIN(J66:L66),"-") -> 31098 | P66: =IF(M66>0,AVERAGE(J66:L66),"-") -> 31098 | Q66: =IF(M66>0,O66-G66,"-") -> 1586 | R66: =IF(M66>0,IFERROR(Q66/O66,"-"),"-") -> 0.051000064 | S66: =IF(M66>0,ROUND(MAX(G66*1.08,O66*0.97)/100,0)*100,ROUND(G66*1.12/100,0)*100) -> 31900 | T66: =IFERROR((S66-G66)/S66,"-") -> 0.074858934
A67: Mobile Legends | B67: ML113-S7 | C67: 113 Diamonds (102 + 11 Bonus) | D67: MLBB INDOFLAZ | E67: 113 | F67: =IFERROR(VALUE(SUBSTITUTE(SUBSTITUTE('MLBB INDOFLAZ'!E16,"Rp. ",""),".","")),'MLBB INDOFLAZ'!E16) -> 30541 | G67: =IFERROR(VALUE(SUBSTITUTE(SUBSTITUTE('MLBB INDOFLAZ'!F16,"Rp. ",""),".","")),'MLBB INDOFLAZ'!F16) -> 30245 | H67: =IFERROR(VALUE(SUBSTITUTE(SUBSTITUTE('MLBB INDOFLAZ'!G16,"Rp. ",""),".","")),'MLBB INDOFLAZ'!G16) -> 29948 | I67: MLBB OURA STORE | J67: ='MLBB OURA STORE'!A74 -> 31591 | M67: =COUNT(J67:L67) -> 1 | N67: =IF(M67>0,"Ada","Tidak Ada") -> Ada | O67: =IF(M67>0,MIN(J67:L67),"-") -> 31591 | P67: =IF(M67>0,AVERAGE(J67:L67),"-") -> 31591 | Q67: =IF(M67>0,O67-G67,"-") -> 1346 | R67: =IF(M67>0,IFERROR(Q67/O67,"-"),"-") -> 0.042607072 | S67: =IF(M67>0,ROUND(MAX(G67*1.08,O67*0.97)/100,0)*100,ROUND(G67*1.12/100,0)*100) -> 32700 | T67: =IFERROR((S67-G67)/S67,"-") -> 0.075076453
A68: Mobile Legends | B68: ML128-S7 | C68: 128 Diamonds (117 + 11 Bonus) | D68: MLBB INDOFLAZ | E68: 128 | F68: =IFERROR(VALUE(SUBSTITUTE(SUBSTITUTE('MLBB INDOFLAZ'!E17,"Rp. ",""),".","")),'MLBB INDOFLAZ'!E17) -> 34768 | G68: =IFERROR(VALUE(SUBSTITUTE(SUBSTITUTE('MLBB INDOFLAZ'!F17,"Rp. ",""),".","")),'MLBB INDOFLAZ'!F17) -> 34431 | H68: =IFERROR(VALUE(SUBSTITUTE(SUBSTITUTE('MLBB INDOFLAZ'!G17,"Rp. ",""),".","")),'MLBB INDOFLAZ'!G17) -> 34093 | I68: - | M68: =COUNT(J68:L68) -> 0 | N68: =IF(M68>0,"Ada","Tidak Ada") -> Tidak Ada | O68: =IF(M68>0,MIN(J68:L68),"-") -> - | P68: =IF(M68>0,AVERAGE(J68:L68),"-") -> - | Q68: =IF(M68>0,O68-G68,"-") -> - | R68: =IF(M68>0,IFERROR(Q68/O68,"-"),"-") -> - | S68: =IF(M68>0,ROUND(MAX(G68*1.08,O68*0.97)/100,0)*100,ROUND(G68*1.12/100,0)*100) -> 38600 | T68: =IFERROR((S68-G68)/S68,"-") -> 0.10800518
A69: Mobile Legends | B69: ML148-S7 | C69: 148 Diamonds (134 + 14 Bonus) | D69: MLBB INDOFLAZ | E69: 148 | F69: =IFERROR(VALUE(SUBSTITUTE(SUBSTITUTE('MLBB INDOFLAZ'!E18,"Rp. ",""),".","")),'MLBB INDOFLAZ'!E18) -> 39734 | G69: =IFERROR(VALUE(SUBSTITUTE(SUBSTITUTE('MLBB INDOFLAZ'!F18,"Rp. ",""),".","")),'MLBB INDOFLAZ'!F18) -> 39348 | H69: =IFERROR(VALUE(SUBSTITUTE(SUBSTITUTE('MLBB INDOFLAZ'!G18,"Rp. ",""),".","")),'MLBB INDOFLAZ'!G18) -> 38962 | I69: MLBB OURA STORE | J69: ='MLBB OURA STORE'!A80 -> 41463 | M69: =COUNT(J69:L69) -> 1 | N69: =IF(M69>0,"Ada","Tidak Ada") -> Ada | O69: =IF(M69>0,MIN(J69:L69),"-") -> 41463 | P69: =IF(M69>0,AVERAGE(J69:L69),"-") -> 41463 | Q69: =IF(M69>0,O69-G69,"-") -> 2115 | R69: =IF(M69>0,IFERROR(Q69/O69,"-"),"-") -> 0.051009334 | S69: =IF(M69>0,ROUND(MAX(G69*1.08,O69*0.97)/100,0)*100,ROUND(G69*1.12/100,0)*100) -> 42500 | T69: =IFERROR((S69-G69)/S69,"-") -> 0.074164706
A70: Mobile Legends | B70: ML176-S7 | C70: 176 Diamonds (160 + 16 Bonus) | D70: MLBB INDOFLAZ | E70: 176 | F70: =IFERROR(VALUE(SUBSTITUTE(SUBSTITUTE('MLBB INDOFLAZ'!E19,"Rp. ",""),".","")),'MLBB INDOFLAZ'!E19) -> 47680 | G70: =IFERROR(VALUE(SUBSTITUTE(SUBSTITUTE('MLBB INDOFLAZ'!F19,"Rp. ",""),".","")),'MLBB INDOFLAZ'!F19) -> 47217 | H70: =IFERROR(VALUE(SUBSTITUTE(SUBSTITUTE('MLBB INDOFLAZ'!G19,"Rp. ",""),".","")),'MLBB INDOFLAZ'!G19) -> 46754 | I70: MLBB OURA STORE | J70: ='MLBB OURA STORE'!A84 -> 49758 | M70: =COUNT(J70:L70) -> 1 | N70: =IF(M70>0,"Ada","Tidak Ada") -> Ada | O70: =IF(M70>0,MIN(J70:L70),"-") -> 49758 | P70: =IF(M70>0,AVERAGE(J70:L70),"-") -> 49758 | Q70: =IF(M70>0,O70-G70,"-") -> 2541 | R70: =IF(M70>0,IFERROR(Q70/O70,"-"),"-") -> 0.051067165 | S70: =IF(M70>0,ROUND(MAX(G70*1.08,O70*0.97)/100,0)*100,ROUND(G70*1.12/100,0)*100) -> 51000 | T70: =IFERROR((S70-G70)/S70,"-") -> 0.074176471
A71: Mobile Legends | B71: ML184-S7 | C71: 184 Diamonds (167 + 17 Bonus) | D71: MLBB INDOFLAZ | E71: 184 | F71: =IFERROR(VALUE(SUBSTITUTE(SUBSTITUTE('MLBB INDOFLAZ'!E20,"Rp. ",""),".","")),'MLBB INDOFLAZ'!E20) -> 49668 | G71: =IFERROR(VALUE(SUBSTITUTE(SUBSTITUTE('MLBB INDOFLAZ'!F20,"Rp. ",""),".","")),'MLBB INDOFLAZ'!F20) -> 49186 | H71: =IFERROR(VALUE(SUBSTITUTE(SUBSTITUTE('MLBB INDOFLAZ'!G20,"Rp. ",""),".","")),'MLBB INDOFLAZ'!G20) -> 48704 | I71: MLBB OURA STORE | J71: ='MLBB OURA STORE'!A86 -> 53097 | M71: =COUNT(J71:L71) -> 1 | N71: =IF(M71>0,"Ada","Tidak Ada") -> Ada | O71: =IF(M71>0,MIN(J71:L71),"-") -> 53097 | P71: =IF(M71>0,AVERAGE(J71:L71),"-") -> 53097 | Q71: =IF(M71>0,O71-G71,"-") -> 3911 | R71: =IF(M71>0,IFERROR(Q71/O71,"-"),"-") -> 0.073657645 | S71: =IF(M71>0,ROUND(MAX(G71*1.08,O71*0.97)/100,0)*100,ROUND(G71*1.12/100,0)*100) -> 53100 | T71: =IFERROR((S71-G71)/S71,"-") -> 0.073709981
A72: Mobile Legends | B72: ML222-S7 | C72: 222 Diamonds (200 + 22 Bonus) | D72: MLBB INDOFLAZ | E72: 222 | F72: =IFERROR(VALUE(SUBSTITUTE(SUBSTITUTE('MLBB INDOFLAZ'!E21,"Rp. ",""),".","")),'MLBB INDOFLAZ'!E21) -> 59600 | G72: =IFERROR(VALUE(SUBSTITUTE(SUBSTITUTE('MLBB INDOFLAZ'!F21,"Rp. ",""),".","")),'MLBB INDOFLAZ'!F21) -> 59022 | H72: =IFERROR(VALUE(SUBSTITUTE(SUBSTITUTE('MLBB INDOFLAZ'!G21,"Rp. ",""),".","")),'MLBB INDOFLAZ'!G21) -> 58443 | I72: MLBB OURA STORE | J72: ='MLBB OURA STORE'!A88 -> 62193 | M72: =COUNT(J72:L72) -> 1 | N72: =IF(M72>0,"Ada","Tidak Ada") -> Ada | O72: =IF(M72>0,MIN(J72:L72),"-") -> 62193 | P72: =IF(M72>0,AVERAGE(J72:L72),"-") -> 62193 | Q72: =IF(M72>0,O72-G72,"-") -> 3171 | R72: =IF(M72>0,IFERROR(Q72/O72,"-"),"-") -> 0.050986445 | S72: =IF(M72>0,ROUND(MAX(G72*1.08,O72*0.97)/100,0)*100,ROUND(G72*1.12/100,0)*100) -> 63700 | T72: =IFERROR((S72-G72)/S72,"-") -> 0.073437991
A73: Mobile Legends | B73: ML258-S7 | C73: 258 Diamonds (233 + 25 Bonus) | D73: MLBB INDOFLAZ | E73: 258 | F73: =IFERROR(VALUE(SUBSTITUTE(SUBSTITUTE('MLBB INDOFLAZ'!E22,"Rp. ",""),".","")),'MLBB INDOFLAZ'!E22) -> 69535 | G73: =IFERROR(VALUE(SUBSTITUTE(SUBSTITUTE('MLBB INDOFLAZ'!F22,"Rp. ",""),".","")),'MLBB INDOFLAZ'!F22) -> 68860 | H73: =IFERROR(VALUE(SUBSTITUTE(SUBSTITUTE('MLBB INDOFLAZ'!G22,"Rp. ",""),".","")),'MLBB INDOFLAZ'!G22) -> 68185 | I73: - | M73: =COUNT(J73:L73) -> 0 | N73: =IF(M73>0,"Ada","Tidak Ada") -> Tidak Ada | O73: =IF(M73>0,MIN(J73:L73),"-") -> - | P73: =IF(M73>0,AVERAGE(J73:L73),"-") -> - | Q73: =IF(M73>0,O73-G73,"-") -> - | R73: =IF(M73>0,IFERROR(Q73/O73,"-"),"-") -> - | S73: =IF(M73>0,ROUND(MAX(G73*1.08,O73*0.97)/100,0)*100,ROUND(G73*1.12/100,0)*100) -> 77100 | T73: =IFERROR((S73-G73)/S73,"-") -> 0.10687419
A74: Mobile Legends | B74: ML277-S7 | C74: 277 Diamonds (250 + 27 Bonus) | D74: MLBB INDOFLAZ | E74: 277 | F74: =IFERROR(VALUE(SUBSTITUTE(SUBSTITUTE('MLBB INDOFLAZ'!E23,"Rp. ",""),".","")),'MLBB INDOFLAZ'!E23) -> 74500 | G74: =IFERROR(VALUE(SUBSTITUTE(SUBSTITUTE('MLBB INDOFLAZ'!F23,"Rp. ",""),".","")),'MLBB INDOFLAZ'!F23) -> 73777 | H74: =IFERROR(VALUE(SUBSTITUTE(SUBSTITUTE('MLBB INDOFLAZ'!G23,"Rp. ",""),".","")),'MLBB INDOFLAZ'!G23) -> 73054 | I74: MLBB OURA STORE | J74: ='MLBB OURA STORE'!A94 -> 77741 | M74: =COUNT(J74:L74) -> 1 | N74: =IF(M74>0,"Ada","Tidak Ada") -> Ada | O74: =IF(M74>0,MIN(J74:L74),"-") -> 77741 | P74: =IF(M74>0,AVERAGE(J74:L74),"-") -> 77741 | Q74: =IF(M74>0,O74-G74,"-") -> 3964 | R74: =IF(M74>0,IFERROR(Q74/O74,"-"),"-") -> 0.050989825 | S74: =IF(M74>0,ROUND(MAX(G74*1.08,O74*0.97)/100,0)*100,ROUND(G74*1.12/100,0)*100) -> 79700 | T74: =IFERROR((S74-G74)/S74,"-") -> 0.074316186
A75: Mobile Legends | B75: ML284-S7 | C75: 284 Diamonds (257 + 27 Bonus) | D75: MLBB INDOFLAZ | E75: 284 | F75: =IFERROR(VALUE(SUBSTITUTE(SUBSTITUTE('MLBB INDOFLAZ'!E24,"Rp. ",""),".","")),'MLBB INDOFLAZ'!E24) -> 75726 | G75: =IFERROR(VALUE(SUBSTITUTE(SUBSTITUTE('MLBB INDOFLAZ'!F24,"Rp. ",""),".","")),'MLBB INDOFLAZ'!F24) -> 74991 | H75: =IFERROR(VALUE(SUBSTITUTE(SUBSTITUTE('MLBB INDOFLAZ'!G24,"Rp. ",""),".","")),'MLBB INDOFLAZ'!G24) -> 74256 | I75: MLBB OURA STORE | J75: ='MLBB OURA STORE'!A96 -> 78429 | M75: =COUNT(J75:L75) -> 1 | N75: =IF(M75>0,"Ada","Tidak Ada") -> Ada | O75: =IF(M75>0,MIN(J75:L75),"-") -> 78429 | P75: =IF(M75>0,AVERAGE(J75:L75),"-") -> 78429 | Q75: =IF(M75>0,O75-G75,"-") -> 3438 | R75: =IF(M75>0,IFERROR(Q75/O75,"-"),"-") -> 0.043835826 | S75: =IF(M75>0,ROUND(MAX(G75*1.08,O75*0.97)/100,0)*100,ROUND(G75*1.12/100,0)*100) -> 81000 | T75: =IFERROR((S75-G75)/S75,"-") -> 0.074185185
A76: Mobile Legends | B76: ML305-S7 | C76: 305 Diamonds (276 + 29 Bonus) | D76: MLBB INDOFLAZ | E76: 305 | F76: =IFERROR(VALUE(SUBSTITUTE(SUBSTITUTE('MLBB INDOFLAZ'!E25,"Rp. ",""),".","")),'MLBB INDOFLAZ'!E25) -> 82447 | G76: =IFERROR(VALUE(SUBSTITUTE(SUBSTITUTE('MLBB INDOFLAZ'!F25,"Rp. ",""),".","")),'MLBB INDOFLAZ'!F25) -> 81646 | H76: =IFERROR(VALUE(SUBSTITUTE(SUBSTITUTE('MLBB INDOFLAZ'!G25,"Rp. ",""),".","")),'MLBB INDOFLAZ'!G25) -> 80846 | I76: MLBB OURA STORE | J76: ='MLBB OURA STORE'!A100 -> 86036 | M76: =COUNT(J76:L76) -> 1 | N76: =IF(M76>0,"Ada","Tidak Ada") -> Ada | O76: =IF(M76>0,MIN(J76:L76),"-") -> 86036 | P76: =IF(M76>0,AVERAGE(J76:L76),"-") -> 86036 | Q76: =IF(M76>0,O76-G76,"-") -> 4390 | R76: =IF(M76>0,IFERROR(Q76/O76,"-"),"-") -> 0.051025152 | S76: =IF(M76>0,ROUND(MAX(G76*1.08,O76*0.97)/100,0)*100,ROUND(G76*1.12/100,0)*100) -> 88200 | T76: =IFERROR((S76-G76)/S76,"-") -> 0.07430839
A77: Mobile Legends | B77: ML333-S7 | C77: 333 Diamonds (302 + 31 Bonus) | D77: MLBB INDOFLAZ | E77: 333 | F77: =IFERROR(VALUE(SUBSTITUTE(SUBSTITUTE('MLBB INDOFLAZ'!E26,"Rp. ",""),".","")),'MLBB INDOFLAZ'!E26) -> 90393 | G77: =IFERROR(VALUE(SUBSTITUTE(SUBSTITUTE('MLBB INDOFLAZ'!F26,"Rp. ",""),".","")),'MLBB INDOFLAZ'!F26) -> 89516 | H77: =IFERROR(VALUE(SUBSTITUTE(SUBSTITUTE('MLBB INDOFLAZ'!G26,"Rp. ",""),".","")),'MLBB INDOFLAZ'!G26) -> 88638 | I77: - | M77: =COUNT(J77:L77) -> 0 | N77: =IF(M77>0,"Ada","Tidak Ada") -> Tidak Ada | O77: =IF(M77>0,MIN(J77:L77),"-") -> - | P77: =IF(M77>0,AVERAGE(J77:L77),"-") -> - | Q77: =IF(M77>0,O77-G77,"-") -> - | R77: =IF(M77>0,IFERROR(Q77/O77,"-"),"-") -> - | S77: =IF(M77>0,ROUND(MAX(G77*1.08,O77*0.97)/100,0)*100,ROUND(G77*1.12/100,0)*100) -> 100300 | T77: =IFERROR((S77-G77)/S77,"-") -> 0.10751745
A78: Mobile Legends | B78: ML346-S7 | C78: 346 Diamonds (314 + 32 Bonus) | D78: MLBB INDOFLAZ | E78: 346 | F78: =IFERROR(VALUE(SUBSTITUTE(SUBSTITUTE('MLBB INDOFLAZ'!E27,"Rp. ",""),".","")),'MLBB INDOFLAZ'!E27) -> 92999 | G78: =IFERROR(VALUE(SUBSTITUTE(SUBSTITUTE('MLBB INDOFLAZ'!F27,"Rp. ",""),".","")),'MLBB INDOFLAZ'!F27) -> 92096 | H78: =IFERROR(VALUE(SUBSTITUTE(SUBSTITUTE('MLBB INDOFLAZ'!G27,"Rp. ",""),".","")),'MLBB INDOFLAZ'!G27) -> 91193 | I78: - | M78: =COUNT(J78:L78) -> 0 | N78: =IF(M78>0,"Ada","Tidak Ada") -> Tidak Ada | O78: =IF(M78>0,MIN(J78:L78),"-") -> - | P78: =IF(M78>0,AVERAGE(J78:L78),"-") -> - | Q78: =IF(M78>0,O78-G78,"-") -> - | R78: =IF(M78>0,IFERROR(Q78/O78,"-"),"-") -> - | S78: =IF(M78>0,ROUND(MAX(G78*1.08,O78*0.97)/100,0)*100,ROUND(G78*1.12/100,0)*100) -> 103100 | T78: =IFERROR((S78-G78)/S78,"-") -> 0.10673133
A79: Mobile Legends | B79: ML356-S7 | C79: 356 Diamonds (322 + 34 Bonus) | D79: MLBB INDOFLAZ | E79: 356 | F79: =IFERROR(VALUE(SUBSTITUTE(SUBSTITUTE('MLBB INDOFLAZ'!E28,"Rp. ",""),".","")),'MLBB INDOFLAZ'!E28) -> 95844 | G79: =IFERROR(VALUE(SUBSTITUTE(SUBSTITUTE('MLBB INDOFLAZ'!F28,"Rp. ",""),".","")),'MLBB INDOFLAZ'!F28) -> 94914 | H79: =IFERROR(VALUE(SUBSTITUTE(SUBSTITUTE('MLBB INDOFLAZ'!G28,"Rp. ",""),".","")),'MLBB INDOFLAZ'!G28) -> 93983 | I79: - | M79: =COUNT(J79:L79) -> 0 | N79: =IF(M79>0,"Ada","Tidak Ada") -> Tidak Ada | O79: =IF(M79>0,MIN(J79:L79),"-") -> - | P79: =IF(M79>0,AVERAGE(J79:L79),"-") -> - | Q79: =IF(M79>0,O79-G79,"-") -> - | R79: =IF(M79>0,IFERROR(Q79/O79,"-"),"-") -> - | S79: =IF(M79>0,ROUND(MAX(G79*1.08,O79*0.97)/100,0)*100,ROUND(G79*1.12/100,0)*100) -> 106300 | T79: =IFERROR((S79-G79)/S79,"-") -> 0.10711195
A80: Mobile Legends | B80: ML370-S7 | C80: 370 Diamonds (333 + 37 Bonus) | D80: MLBB INDOFLAZ | E80: 370 | F80: =IFERROR(VALUE(SUBSTITUTE(SUBSTITUTE('MLBB INDOFLAZ'!E29,"Rp. ",""),".","")),'MLBB INDOFLAZ'!E29) -> 99334 | G80: =IFERROR(VALUE(SUBSTITUTE(SUBSTITUTE('MLBB INDOFLAZ'!F29,"Rp. ",""),".","")),'MLBB INDOFLAZ'!F29) -> 98369 | H80: =IFERROR(VALUE(SUBSTITUTE(SUBSTITUTE('MLBB INDOFLAZ'!G29,"Rp. ",""),".","")),'MLBB INDOFLAZ'!G29) -> 97405 | I80: MLBB OURA STORE | J80: ='MLBB OURA STORE'!A102 -> 103654 | M80: =COUNT(J80:L80) -> 1 | N80: =IF(M80>0,"Ada","Tidak Ada") -> Ada | O80: =IF(M80>0,MIN(J80:L80),"-") -> 103654 | P80: =IF(M80>0,AVERAGE(J80:L80),"-") -> 103654 | Q80: =IF(M80>0,O80-G80,"-") -> 5285 | R80: =IF(M80>0,IFERROR(Q80/O80,"-"),"-") -> 0.050986937 | S80: =IF(M80>0,ROUND(MAX(G80*1.08,O80*0.97)/100,0)*100,ROUND(G80*1.12/100,0)*100) -> 106200 | T80: =IFERROR((S80-G80)/S80,"-") -> 0.07373823
A81: Mobile Legends | B81: ML384-S7 | C81: 384 Diamonds (346 + 38 Bonus) | D81: MLBB INDOFLAZ | E81: 384 | F81: =IFERROR(VALUE(SUBSTITUTE(SUBSTITUTE('MLBB INDOFLAZ'!E30,"Rp. ",""),".","")),'MLBB INDOFLAZ'!E30) -> 103307 | G81: =IFERROR(VALUE(SUBSTITUTE(SUBSTITUTE('MLBB INDOFLAZ'!F30,"Rp. ",""),".","")),'MLBB INDOFLAZ'!F30) -> 102304 | H81: =IFERROR(VALUE(SUBSTITUTE(SUBSTITUTE('MLBB INDOFLAZ'!G30,"Rp. ",""),".","")),'MLBB INDOFLAZ'!G30) -> 101301 | I81: MLBB OURA STORE | J81: ='MLBB OURA STORE'!A104 -> 107801 | M81: =COUNT(J81:L81) -> 1 | N81: =IF(M81>0,"Ada","Tidak Ada") -> Ada | O81: =IF(M81>0,MIN(J81:L81),"-") -> 107801 | P81: =IF(M81>0,AVERAGE(J81:L81),"-") -> 107801 | Q81: =IF(M81>0,O81-G81,"-") -> 5497 | R81: =IF(M81>0,IFERROR(Q81/O81,"-"),"-") -> 0.050992106 | S81: =IF(M81>0,ROUND(MAX(G81*1.08,O81*0.97)/100,0)*100,ROUND(G81*1.12/100,0)*100) -> 110500 | T81: =IFERROR((S81-G81)/S81,"-") -> 0.074171946
A82: Mobile Legends | B82: ML424-S7 | C82: 424 Diamonds (383 + 41 Bonus) | D82: MLBB INDOFLAZ | E82: 424 | F82: =IFERROR(VALUE(SUBSTITUTE(SUBSTITUTE('MLBB INDOFLAZ'!E31,"Rp. ",""),".","")),'MLBB INDOFLAZ'!E31) -> 113241 | G82: =IFERROR(VALUE(SUBSTITUTE(SUBSTITUTE('MLBB INDOFLAZ'!F31,"Rp. ",""),".","")),'MLBB INDOFLAZ'!F31) -> 112141 | H82: =IFERROR(VALUE(SUBSTITUTE(SUBSTITUTE('MLBB INDOFLAZ'!G31,"Rp. ",""),".","")),'MLBB INDOFLAZ'!G31) -> 111042 | I82: - | M82: =COUNT(J82:L82) -> 0 | N82: =IF(M82>0,"Ada","Tidak Ada") -> Tidak Ada | O82: =IF(M82>0,MIN(J82:L82),"-") -> - | P82: =IF(M82>0,AVERAGE(J82:L82),"-") -> - | Q82: =IF(M82>0,O82-G82,"-") -> - | R82: =IF(M82>0,IFERROR(Q82/O82,"-"),"-") -> - | S82: =IF(M82>0,ROUND(MAX(G82*1.08,O82*0.97)/100,0)*100,ROUND(G82*1.12/100,0)*100) -> 125600 | T82: =IFERROR((S82-G82)/S82,"-") -> 0.10715764
A83: Mobile Legends | B83: ML452-S7 | C83: 452 Diamonds (407 + 45 Bonus) | D83: MLBB INDOFLAZ | E83: 452 | F83: =IFERROR(VALUE(SUBSTITUTE(SUBSTITUTE('MLBB INDOFLAZ'!E32,"Rp. ",""),".","")),'MLBB INDOFLAZ'!E32) -> 119971 | G83: =IFERROR(VALUE(SUBSTITUTE(SUBSTITUTE('MLBB INDOFLAZ'!F32,"Rp. ",""),".","")),'MLBB INDOFLAZ'!F32) -> 118806 | H83: =IFERROR(VALUE(SUBSTITUTE(SUBSTITUTE('MLBB INDOFLAZ'!G32,"Rp. ",""),".","")),'MLBB INDOFLAZ'!G32) -> 117641 | I83: - | M83: =COUNT(J83:L83) -> 0 | N83: =IF(M83>0,"Ada","Tidak Ada") -> Tidak Ada | O83: =IF(M83>0,MIN(J83:L83),"-") -> - | P83: =IF(M83>0,AVERAGE(J83:L83),"-") -> - | Q83: =IF(M83>0,O83-G83,"-") -> - | R83: =IF(M83>0,IFERROR(Q83/O83,"-"),"-") -> - | S83: =IF(M83>0,ROUND(MAX(G83*1.08,O83*0.97)/100,0)*100,ROUND(G83*1.12/100,0)*100) -> 133100 | T83: =IFERROR((S83-G83)/S83,"-") -> 0.10739294
A84: Mobile Legends | B84: ML518-S7 | C84: 518 Diamonds (467 + 51 Bonus) | D84: MLBB INDOFLAZ | E84: 518 | F84: =IFERROR(VALUE(SUBSTITUTE(SUBSTITUTE('MLBB INDOFLAZ'!E33,"Rp. ",""),".","")),'MLBB INDOFLAZ'!E33) -> 137948 | G84: =IFERROR(VALUE(SUBSTITUTE(SUBSTITUTE('MLBB INDOFLAZ'!F33,"Rp. ",""),".","")),'MLBB INDOFLAZ'!F33) -> 136609 | H84: =IFERROR(VALUE(SUBSTITUTE(SUBSTITUTE('MLBB INDOFLAZ'!G33,"Rp. ",""),".","")),'MLBB INDOFLAZ'!G33) -> 135270 | I84: MLBB OURA STORE | J84: ='MLBB OURA STORE'!A108 -> 145116 | M84: =COUNT(J84:L84) -> 1 | N84: =IF(M84>0,"Ada","Tidak Ada") -> Ada | O84: =IF(M84>0,MIN(J84:L84),"-") -> 145116 | P84: =IF(M84>0,AVERAGE(J84:L84),"-") -> 145116 | Q84: =IF(M84>0,O84-G84,"-") -> 8507 | R84: =IF(M84>0,IFERROR(Q84/O84,"-"),"-") -> 0.058622068 | S84: =IF(M84>0,ROUND(MAX(G84*1.08,O84*0.97)/100,0)*100,ROUND(G84*1.12/100,0)*100) -> 147500 | T84: =IFERROR((S84-G84)/S84,"-") -> 0.073837288
A85: Mobile Legends | B85: ML642-S7 | C85: 642 Diamonds (570 + 72 Bonus) | D85: MLBB INDOFLAZ | E85: 642 | F85: =IFERROR(VALUE(SUBSTITUTE(SUBSTITUTE('MLBB INDOFLAZ'!E34,"Rp. ",""),".","")),'MLBB INDOFLAZ'!E34) -> 167377 | G85: =IFERROR(VALUE(SUBSTITUTE(SUBSTITUTE('MLBB INDOFLAZ'!F34,"Rp. ",""),".","")),'MLBB INDOFLAZ'!F34) -> 165752 | H85: =IFERROR(VALUE(SUBSTITUTE(SUBSTITUTE('MLBB INDOFLAZ'!G34,"Rp. ",""),".","")),'MLBB INDOFLAZ'!G34) -> 164127 | I85: - | M85: =COUNT(J85:L85) -> 0 | N85: =IF(M85>0,"Ada","Tidak Ada") -> Tidak Ada | O85: =IF(M85>0,MIN(J85:L85),"-") -> - | P85: =IF(M85>0,AVERAGE(J85:L85),"-") -> - | Q85: =IF(M85>0,O85-G85,"-") -> - | R85: =IF(M85>0,IFERROR(Q85/O85,"-"),"-") -> - | S85: =IF(M85>0,ROUND(MAX(G85*1.08,O85*0.97)/100,0)*100,ROUND(G85*1.12/100,0)*100) -> 185600 | T85: =IFERROR((S85-G85)/S85,"-") -> 0.10693966
A86: Mobile Legends | B86: ML716-S7 | C86: 716 Diamonds (637 + 79 Bonus) | D86: MLBB INDOFLAZ | E86: 716 | F86: =IFERROR(VALUE(SUBSTITUTE(SUBSTITUTE('MLBB INDOFLAZ'!E35,"Rp. ",""),".","")),'MLBB INDOFLAZ'!E35) -> 187243 | G86: =IFERROR(VALUE(SUBSTITUTE(SUBSTITUTE('MLBB INDOFLAZ'!F35,"Rp. ",""),".","")),'MLBB INDOFLAZ'!F35) -> 185425 | H86: =IFERROR(VALUE(SUBSTITUTE(SUBSTITUTE('MLBB INDOFLAZ'!G35,"Rp. ",""),".","")),'MLBB INDOFLAZ'!G35) -> 183607 | I86: MLBB OURA STORE | J86: ='MLBB OURA STORE'!A112 -> 194233 | M86: =COUNT(J86:L86) -> 1 | N86: =IF(M86>0,"Ada","Tidak Ada") -> Ada | O86: =IF(M86>0,MIN(J86:L86),"-") -> 194233 | P86: =IF(M86>0,AVERAGE(J86:L86),"-") -> 194233 | Q86: =IF(M86>0,O86-G86,"-") -> 8808 | R86: =IF(M86>0,IFERROR(Q86/O86,"-"),"-") -> 0.045347598 | S86: =IF(M86>0,ROUND(MAX(G86*1.08,O86*0.97)/100,0)*100,ROUND(G86*1.12/100,0)*100) -> 200300 | T86: =IFERROR((S86-G86)/S86,"-") -> 0.074263605
A87: Mobile Legends | B87: ML758-S7 | C87: 758 Diamonds (675 + 83 Bonus) | D87: MLBB INDOFLAZ | E87: 758 | F87: =IFERROR(VALUE(SUBSTITUTE(SUBSTITUTE('MLBB INDOFLAZ'!E36,"Rp. ",""),".","")),'MLBB INDOFLAZ'!E36) -> 199098 | G87: =IFERROR(VALUE(SUBSTITUTE(SUBSTITUTE('MLBB INDOFLAZ'!F36,"Rp. ",""),".","")),'MLBB INDOFLAZ'!F36) -> 197165 | H87: =IFERROR(VALUE(SUBSTITUTE(SUBSTITUTE('MLBB INDOFLAZ'!G36,"Rp. ",""),".","")),'MLBB INDOFLAZ'!G36) -> 195232 | I87: - | M87: =COUNT(J87:L87) -> 0 | N87: =IF(M87>0,"Ada","Tidak Ada") -> Tidak Ada | O87: =IF(M87>0,MIN(J87:L87),"-") -> - | P87: =IF(M87>0,AVERAGE(J87:L87),"-") -> - | Q87: =IF(M87>0,O87-G87,"-") -> - | R87: =IF(M87>0,IFERROR(Q87/O87,"-"),"-") -> - | S87: =IF(M87>0,ROUND(MAX(G87*1.08,O87*0.97)/100,0)*100,ROUND(G87*1.12/100,0)*100) -> 220800 | T87: =IFERROR((S87-G87)/S87,"-") -> 0.10704257
A88: Mobile Legends | B88: ML790-S7 | C88: 790 Diamonds (703 + 87 Bonus) | D88: MLBB INDOFLAZ | E88: 790 | F88: =IFERROR(VALUE(SUBSTITUTE(SUBSTITUTE('MLBB INDOFLAZ'!E37,"Rp. ",""),".","")),'MLBB INDOFLAZ'!E37) -> 207110 | G88: =IFERROR(VALUE(SUBSTITUTE(SUBSTITUTE('MLBB INDOFLAZ'!F37,"Rp. ",""),".","")),'MLBB INDOFLAZ'!F37) -> 205099 | H88: =IFERROR(VALUE(SUBSTITUTE(SUBSTITUTE('MLBB INDOFLAZ'!G37,"Rp. ",""),".","")),'MLBB INDOFLAZ'!G37) -> 203088 | I88: MLBB OURA STORE | J88: ='MLBB OURA STORE'!A116 -> 214963 | M88: =COUNT(J88:L88) -> 1 | N88: =IF(M88>0,"Ada","Tidak Ada") -> Ada | O88: =IF(M88>0,MIN(J88:L88),"-") -> 214963 | P88: =IF(M88>0,AVERAGE(J88:L88),"-") -> 214963 | Q88: =IF(M88>0,O88-G88,"-") -> 9864 | R88: =IF(M88>0,IFERROR(Q88/O88,"-"),"-") -> 0.045886967 | S88: =IF(M88>0,ROUND(MAX(G88*1.08,O88*0.97)/100,0)*100,ROUND(G88*1.12/100,0)*100) -> 221500 | T88: =IFERROR((S88-G88)/S88,"-") -> 0.074045147
A89: Mobile Legends | B89: ML845-S7 | C89: 845 Diamonds (753 + 92 Bonus) | D89: MLBB INDOFLAZ | E89: 845 | F89: =IFERROR(VALUE(SUBSTITUTE(SUBSTITUTE('MLBB INDOFLAZ'!E38,"Rp. ",""),".","")),'MLBB INDOFLAZ'!E38) -> 222010 | G89: =IFERROR(VALUE(SUBSTITUTE(SUBSTITUTE('MLBB INDOFLAZ'!F38,"Rp. ",""),".","")),'MLBB INDOFLAZ'!F38) -> 219854 | H89: =IFERROR(VALUE(SUBSTITUTE(SUBSTITUTE('MLBB INDOFLAZ'!G38,"Rp. ",""),".","")),'MLBB INDOFLAZ'!G38) -> 217699 | I89: - | M89: =COUNT(J89:L89) -> 0 | N89: =IF(M89>0,"Ada","Tidak Ada") -> Tidak Ada | O89: =IF(M89>0,MIN(J89:L89),"-") -> - | P89: =IF(M89>0,AVERAGE(J89:L89),"-") -> - | Q89: =IF(M89>0,O89-G89,"-") -> - | R89: =IF(M89>0,IFERROR(Q89/O89,"-"),"-") -> - | S89: =IF(M89>0,ROUND(MAX(G89*1.08,O89*0.97)/100,0)*100,ROUND(G89*1.12/100,0)*100) -> 246200 | T89: =IFERROR((S89-G89)/S89,"-") -> 0.10701056
A90: Mobile Legends | B90: ML938-S7 | C90: 938 Diamonds (836 + 102 Bonus) | D90: MLBB INDOFLAZ | E90: 938 | F90: =IFERROR(VALUE(SUBSTITUTE(SUBSTITUTE('MLBB INDOFLAZ'!E39,"Rp. ",""),".","")),'MLBB INDOFLAZ'!E39) -> 246843 | G90: =IFERROR(VALUE(SUBSTITUTE(SUBSTITUTE('MLBB INDOFLAZ'!F39,"Rp. ",""),".","")),'MLBB INDOFLAZ'!F39) -> 244447 | H90: =IFERROR(VALUE(SUBSTITUTE(SUBSTITUTE('MLBB INDOFLAZ'!G39,"Rp. ",""),".","")),'MLBB INDOFLAZ'!G39) -> 242050 | I90: - | M90: =COUNT(J90:L90) -> 0 | N90: =IF(M90>0,"Ada","Tidak Ada") -> Tidak Ada | O90: =IF(M90>0,MIN(J90:L90),"-") -> - | P90: =IF(M90>0,AVERAGE(J90:L90),"-") -> - | Q90: =IF(M90>0,O90-G90,"-") -> - | R90: =IF(M90>0,IFERROR(Q90/O90,"-"),"-") -> - | S90: =IF(M90>0,ROUND(MAX(G90*1.08,O90*0.97)/100,0)*100,ROUND(G90*1.12/100,0)*100) -> 273800 | T90: =IFERROR((S90-G90)/S90,"-") -> 0.10720599
A91: Mobile Legends | B91: ML966-S7 | C91: 966 Diamonds (862 + 104 Bonus) | D91: MLBB INDOFLAZ | E91: 966 | F91: =IFERROR(VALUE(SUBSTITUTE(SUBSTITUTE('MLBB INDOFLAZ'!E40,"Rp. ",""),".","")),'MLBB INDOFLAZ'!E40) -> 254790 | G91: =IFERROR(VALUE(SUBSTITUTE(SUBSTITUTE('MLBB INDOFLAZ'!F40,"Rp. ",""),".","")),'MLBB INDOFLAZ'!F40) -> 252316 | H91: =IFERROR(VALUE(SUBSTITUTE(SUBSTITUTE('MLBB INDOFLAZ'!G40,"Rp. ",""),".","")),'MLBB INDOFLAZ'!G40) -> 249842 | I91: MLBB OURA STORE | J91: ='MLBB OURA STORE'!A120 -> 259133 | M91: =COUNT(J91:L91) -> 1 | N91: =IF(M91>0,"Ada","Tidak Ada") -> Ada | O91: =IF(M91>0,MIN(J91:L91),"-") -> 259133 | P91: =IF(M91>0,AVERAGE(J91:L91),"-") -> 259133 | Q91: =IF(M91>0,O91-G91,"-") -> 6817 | R91: =IF(M91>0,IFERROR(Q91/O91,"-"),"-") -> 0.026306954 | S91: =IF(M91>0,ROUND(MAX(G91*1.08,O91*0.97)/100,0)*100,ROUND(G91*1.12/100,0)*100) -> 272500 | T91: =IFERROR((S91-G91)/S91,"-") -> 0.074069725
A92: Mobile Legends | B92: ML1045-S7 | C92: 1045 Diamonds (928 + 117 Bonus) | D92: MLBB INDOFLAZ | E92: 1045 | F92: =IFERROR(VALUE(SUBSTITUTE(SUBSTITUTE('MLBB INDOFLAZ'!E41,"Rp. ",""),".","")),'MLBB INDOFLAZ'!E41) -> 271420 | G92: =IFERROR(VALUE(SUBSTITUTE(SUBSTITUTE('MLBB INDOFLAZ'!F41,"Rp. ",""),".","")),'MLBB INDOFLAZ'!F41) -> 268785 | H92: =IFERROR(VALUE(SUBSTITUTE(SUBSTITUTE('MLBB INDOFLAZ'!G41,"Rp. ",""),".","")),'MLBB INDOFLAZ'!G41) -> 266150 | I92: - | M92: =COUNT(J92:L92) -> 0 | N92: =IF(M92>0,"Ada","Tidak Ada") -> Tidak Ada | O92: =IF(M92>0,MIN(J92:L92),"-") -> - | P92: =IF(M92>0,AVERAGE(J92:L92),"-") -> - | Q92: =IF(M92>0,O92-G92,"-") -> - | R92: =IF(M92>0,IFERROR(Q92/O92,"-"),"-") -> - | S92: =IF(M92>0,ROUND(MAX(G92*1.08,O92*0.97)/100,0)*100,ROUND(G92*1.12/100,0)*100) -> 301000 | T92: =IFERROR((S92-G92)/S92,"-") -> 0.10702658
A93: Mobile Legends | B93: ML1136-S7 | C93: 1136 Diamonds (1006 + 130 Bonus) | D93: MLBB INDOFLAZ | E93: 1136 | F93: =IFERROR(VALUE(SUBSTITUTE(SUBSTITUTE('MLBB INDOFLAZ'!E42,"Rp. ",""),".","")),'MLBB INDOFLAZ'!E42) -> 295019 | G93: =IFERROR(VALUE(SUBSTITUTE(SUBSTITUTE('MLBB INDOFLAZ'!F42,"Rp. ",""),".","")),'MLBB INDOFLAZ'!F42) -> 292155 | H93: =IFERROR(VALUE(SUBSTITUTE(SUBSTITUTE('MLBB INDOFLAZ'!G42,"Rp. ",""),".","")),'MLBB INDOFLAZ'!G42) -> 289291 | I93: MLBB OURA STORE | J93: ='MLBB OURA STORE'!A126 -> 305541 | M93: =COUNT(J93:L93) -> 1 | N93: =IF(M93>0,"Ada","Tidak Ada") -> Ada | O93: =IF(M93>0,MIN(J93:L93),"-") -> 305541 | P93: =IF(M93>0,AVERAGE(J93:L93),"-") -> 305541 | Q93: =IF(M93>0,O93-G93,"-") -> 13386 | R93: =IF(M93>0,IFERROR(Q93/O93,"-"),"-") -> 0.043810814 | S93: =IF(M93>0,ROUND(MAX(G93*1.08,O93*0.97)/100,0)*100,ROUND(G93*1.12/100,0)*100) -> 315500 | T93: =IFERROR((S93-G93)/S93,"-") -> 0.073993661
A94: Mobile Legends | B94: ML1506-S7 | C94: 1506 Diamonds (1339 + 167 Bonus) | D94: MLBB INDOFLAZ | E94: 1506 | F94: =IFERROR(VALUE(SUBSTITUTE(SUBSTITUTE('MLBB INDOFLAZ'!E43,"Rp. ",""),".","")),'MLBB INDOFLAZ'!E43) -> 394352 | G94: =IFERROR(VALUE(SUBSTITUTE(SUBSTITUTE('MLBB INDOFLAZ'!F43,"Rp. ",""),".","")),'MLBB INDOFLAZ'!F43) -> 390524 | H94: =IFERROR(VALUE(SUBSTITUTE(SUBSTITUTE('MLBB INDOFLAZ'!G43,"Rp. ",""),".","")),'MLBB INDOFLAZ'!G43) -> 386695 | I94: MLBB OURA STORE | J94: ='MLBB OURA STORE'!A130 -> 409194 | M94: =COUNT(J94:L94) -> 1 | N94: =IF(M94>0,"Ada","Tidak Ada") -> Ada | O94: =IF(M94>0,MIN(J94:L94),"-") -> 409194 | P94: =IF(M94>0,AVERAGE(J94:L94),"-") -> 409194 | Q94: =IF(M94>0,O94-G94,"-") -> 18670 | R94: =IF(M94>0,IFERROR(Q94/O94,"-"),"-") -> 0.04562628 | S94: =IF(M94>0,ROUND(MAX(G94*1.08,O94*0.97)/100,0)*100,ROUND(G94*1.12/100,0)*100) -> 421800 | T94: =IFERROR((S94-G94)/S94,"-") -> 0.074148886
A95: Mobile Legends | B95: ML1704-S7 | C95: 1704 Diamonds (1509 + 195 Bonus) | D95: MLBB INDOFLAZ | E95: 1704 | F95: =IFERROR(VALUE(SUBSTITUTE(SUBSTITUTE('MLBB INDOFLAZ'!E44,"Rp. ",""),".","")),'MLBB INDOFLAZ'!E44) -> 442529 | G95: =IFERROR(VALUE(SUBSTITUTE(SUBSTITUTE('MLBB INDOFLAZ'!F44,"Rp. ",""),".","")),'MLBB INDOFLAZ'!F44) -> 438232 | H95: =IFERROR(VALUE(SUBSTITUTE(SUBSTITUTE('MLBB INDOFLAZ'!G44,"Rp. ",""),".","")),'MLBB INDOFLAZ'!G44) -> 433936 | I95: MLBB OURA STORE | J95: ='MLBB OURA STORE'!A132 -> 458311 | M95: =COUNT(J95:L95) -> 1 | N95: =IF(M95>0,"Ada","Tidak Ada") -> Ada | O95: =IF(M95>0,MIN(J95:L95),"-") -> 458311 | P95: =IF(M95>0,AVERAGE(J95:L95),"-") -> 458311 | Q95: =IF(M95>0,O95-G95,"-") -> 20079 | R95: =IF(M95>0,IFERROR(Q95/O95,"-"),"-") -> 0.043810862 | S95: =IF(M95>0,ROUND(MAX(G95*1.08,O95*0.97)/100,0)*100,ROUND(G95*1.12/100,0)*100) -> 473300 | T95: =IFERROR((S95-G95)/S95,"-") -> 0.074092542
A96: Mobile Legends | B96: ML2232-S7 | C96: 2232 Diamonds (1908 + 324 Bonus) | D96: MLBB INDOFLAZ | E96: 2232 | F96: =IFERROR(VALUE(SUBSTITUTE(SUBSTITUTE('MLBB INDOFLAZ'!E45,"Rp. ",""),".","")),'MLBB INDOFLAZ'!E45) -> 551122 | G96: =IFERROR(VALUE(SUBSTITUTE(SUBSTITUTE('MLBB INDOFLAZ'!F45,"Rp. ",""),".","")),'MLBB INDOFLAZ'!F45) -> 545771 | H96: =IFERROR(VALUE(SUBSTITUTE(SUBSTITUTE('MLBB INDOFLAZ'!G45,"Rp. ",""),".","")),'MLBB INDOFLAZ'!G45) -> 540420 | I96: - | M96: =COUNT(J96:L96) -> 0 | N96: =IF(M96>0,"Ada","Tidak Ada") -> Tidak Ada | O96: =IF(M96>0,MIN(J96:L96),"-") -> - | P96: =IF(M96>0,AVERAGE(J96:L96),"-") -> - | Q96: =IF(M96>0,O96-G96,"-") -> - | R96: =IF(M96>0,IFERROR(Q96/O96,"-"),"-") -> - | S96: =IF(M96>0,ROUND(MAX(G96*1.08,O96*0.97)/100,0)*100,ROUND(G96*1.12/100,0)*100) -> 611300 | T96: =IFERROR((S96-G96)/S96,"-") -> 0.10719614
A97: Mobile Legends | B97: ML2380-S7 | C97: 2380 Diamonds (2041 + 339 Bonus) | D97: MLBB INDOFLAZ | E97: 2380 | F97: =IFERROR(VALUE(SUBSTITUTE(SUBSTITUTE('MLBB INDOFLAZ'!E46,"Rp. ",""),".","")),'MLBB INDOFLAZ'!E46) -> 590855 | G97: =IFERROR(VALUE(SUBSTITUTE(SUBSTITUTE('MLBB INDOFLAZ'!F46,"Rp. ",""),".","")),'MLBB INDOFLAZ'!F46) -> 585118 | H97: =IFERROR(VALUE(SUBSTITUTE(SUBSTITUTE('MLBB INDOFLAZ'!G46,"Rp. ",""),".","")),'MLBB INDOFLAZ'!G46) -> 579382 | I97: MLBB OURA STORE | J97: ='MLBB OURA STORE'!A136 -> 612887 | M97: =COUNT(J97:L97) -> 1 | N97: =IF(M97>0,"Ada","Tidak Ada") -> Ada | O97: =IF(M97>0,MIN(J97:L97),"-") -> 612887 | P97: =IF(M97>0,AVERAGE(J97:L97),"-") -> 612887 | Q97: =IF(M97>0,O97-G97,"-") -> 27769 | R97: =IF(M97>0,IFERROR(Q97/O97,"-"),"-") -> 0.045308515 | S97: =IF(M97>0,ROUND(MAX(G97*1.08,O97*0.97)/100,0)*100,ROUND(G97*1.12/100,0)*100) -> 631900 | T97: =IFERROR((S97-G97)/S97,"-") -> 0.074033866
A98: Mobile Legends | B98: ML2625-S7 | C98: 2625 Diamonds (2253 + 372 Bonus) | D98: MLBB INDOFLAZ | E98: 2625 | F98: =IFERROR(VALUE(SUBSTITUTE(SUBSTITUTE('MLBB INDOFLAZ'!E47,"Rp. ",""),".","")),'MLBB INDOFLAZ'!E47) -> 652330 | G98: =IFERROR(VALUE(SUBSTITUTE(SUBSTITUTE('MLBB INDOFLAZ'!F47,"Rp. ",""),".","")),'MLBB INDOFLAZ'!F47) -> 645997 | H98: =IFERROR(VALUE(SUBSTITUTE(SUBSTITUTE('MLBB INDOFLAZ'!G47,"Rp. ",""),".","")),'MLBB INDOFLAZ'!G47) -> 639664 | I98: - | M98: =COUNT(J98:L98) -> 0 | N98: =IF(M98>0,"Ada","Tidak Ada") -> Tidak Ada | O98: =IF(M98>0,MIN(J98:L98),"-") -> - | P98: =IF(M98>0,AVERAGE(J98:L98),"-") -> - | Q98: =IF(M98>0,O98-G98,"-") -> - | R98: =IF(M98>0,IFERROR(Q98/O98,"-"),"-") -> - | S98: =IF(M98>0,ROUND(MAX(G98*1.08,O98*0.97)/100,0)*100,ROUND(G98*1.12/100,0)*100) -> 723500 | T98: =IFERROR((S98-G98)/S98,"-") -> 0.10712232
A99: Mobile Legends | B99: ML3738-S7 | C99: 3738 Diamonds (3247 + 491 Bonus) | D99: MLBB INDOFLAZ | E99: 3738 | F99: =IFERROR(VALUE(SUBSTITUTE(SUBSTITUTE('MLBB INDOFLAZ'!E48,"Rp. ",""),".","")),'MLBB INDOFLAZ'!E48) -> 945474 | G99: =IFERROR(VALUE(SUBSTITUTE(SUBSTITUTE('MLBB INDOFLAZ'!F48,"Rp. ",""),".","")),'MLBB INDOFLAZ'!F48) -> 936294 | H99: =IFERROR(VALUE(SUBSTITUTE(SUBSTITUTE('MLBB INDOFLAZ'!G48,"Rp. ",""),".","")),'MLBB INDOFLAZ'!G48) -> 927115 | I99: MLBB OURA STORE | J99: ='MLBB OURA STORE'!A146 -> 980620 | M99: =COUNT(J99:L99) -> 1 | N99: =IF(M99>0,"Ada","Tidak Ada") -> Ada | O99: =IF(M99>0,MIN(J99:L99),"-") -> 980620 | P99: =IF(M99>0,AVERAGE(J99:L99),"-") -> 980620 | Q99: =IF(M99>0,O99-G99,"-") -> 44326 | R99: =IF(M99>0,IFERROR(Q99/O99,"-"),"-") -> 0.045202015 | S99: =IF(M99>0,ROUND(MAX(G99*1.08,O99*0.97)/100,0)*100,ROUND(G99*1.12/100,0)*100) -> 1011200 | T99: =IFERROR((S99-G99)/S99,"-") -> 0.074076345
A100: Mobile Legends | B100: ML4588-S7 | C100: 4588 Diamonds (3919 + 669 Bonus) | D100: MLBB INDOFLAZ | E100: 4588 | F100: =IFERROR(VALUE(SUBSTITUTE(SUBSTITUTE('MLBB INDOFLAZ'!E49,"Rp. ",""),".","")),'MLBB INDOFLAZ'!E49) -> 1130551 | G100: =IFERROR(VALUE(SUBSTITUTE(SUBSTITUTE('MLBB INDOFLAZ'!F49,"Rp. ",""),".","")),'MLBB INDOFLAZ'!F49) -> 1119575 | H100: =IFERROR(VALUE(SUBSTITUTE(SUBSTITUTE('MLBB INDOFLAZ'!G49,"Rp. ",""),".","")),'MLBB INDOFLAZ'!G49) -> 1108599 | I100: - | M100: =COUNT(J100:L100) -> 0 | N100: =IF(M100>0,"Ada","Tidak Ada") -> Tidak Ada | O100: =IF(M100>0,MIN(J100:L100),"-") -> - | P100: =IF(M100>0,AVERAGE(J100:L100),"-") -> - | Q100: =IF(M100>0,O100-G100,"-") -> - | R100: =IF(M100>0,IFERROR(Q100/O100,"-"),"-") -> - | S100: =IF(M100>0,ROUND(MAX(G100*1.08,O100*0.97)/100,0)*100,ROUND(G100*1.12/100,0)*100) -> 1253900 | T100: =IFERROR((S100-G100)/S100,"-") -> 0.10712577
...

Sheet Catatan & Asumsi
B2: CATATAN & ASUMSI ANALISIS
B5: 1. SUMBER DATA
B6: - Data modal (harga beli) diambil langsung dari sheet *INDOFLAZ per kategori, kolom HARGA SILVER dan HARGA GOLD, hanya baris berstatus "Aktif".
B7: - Data kompetitor diambil dari sheet OURA STORE dan EMPESHOP (harga jual retail kompetitor ke konsumen akhir).
B8: - Semua sel di sheet "Analisis Detail" pada kolom Modal Silver/Gold/Pro dan Harga Kompetitor 1-3 adalah FORMULA yang menautkan langsung ke sel asal (bukan angka tetap), sehingga otomatis ter-update jika data sumber berubah.
B10: 2. PENCOCOKAN PRODUK (MATCHING)
B11: - Produk dicocokkan antar sheet berdasarkan kuantitas (qty) yang diekstrak dari nama layanan, contoh: "10 Diamonds (9+1 Bonus)" -> qty=10, "IDR 12.000 STEAM" -> qty=12.000.
B12: - Pencocokan dilakukan hanya dalam kategori game/produk yang sama (mis. produk MLBB hanya dibandingkan dengan kompetitor MLBB).
B13: - Kategori berikut TIDAK memiliki data kompetitor di file sumber sehingga direkomendasikan pakai markup langsung dari modal: HAGO, Harry Potter Magic Awakened (qty tidak match), Honkai Star Rail (qty tidak match), VALO VOUCHER (Riot Cash), Google Play US Region, iTunes, Spotify, Nintendo eShop, Xbox, Hotelmurah, Gontak WA/SMS Gateway, PLN, byU, TRI.
B14: - Untuk kategori yang memiliki sheet kompetitor tetapi sebagian produk tidak ketemu pasangan qty-nya (mis. sebagian AOV, PUBG, Call of Duty Mobile, Axis, XL), status akan tertulis "Tidak Ada" per baris — bukan berarti kategori itu sama sekali tanpa kompetitor.
B16: 3. LOGIKA REKOMENDASI HARGA JUAL
B17: - Jika ADA data kompetitor: Rekomendasi = MAX( Modal Gold x 1,08 ; Kompetitor Termurah x 0,97 ), dibulatkan ke Rp100 terdekat.
... B27: Silakan cek ulang sheet "Analisis Detail" dan sesuaikan asumsi markup di atas bila diperlukan.
